time,x0,x1
0,2,0
0.01,2,-0.02
0.02,1.9998,-0.039400000000000004
0.03,1.999406,-0.05821631518424
0.04,1.9988238368481577,-0.07646526874295347
0.05,1.998059184160728,-0.09416314541661633
0.06,1.9971175527065619,-0.11132614948178367
0.07,1.996004291211744,-0.12797036694519048
0.08,1.994724587542292,-0.14411173171039535
0.09,1.993283470225188,-0.15976599548123588
0.1,1.9916858102703756,-0.1749487011684048
0.11,1.9899363232586915,-0.18967515956923173
0.12,1.9880395716629993,-0.20396042909598253
0.13,1.9859999673720394,-0.21781929833440555
0.14,1.9838217743886954,-0.23126627122162632
0.15,1.9815091116764791,-0.24431555464061103
0.16,1.979065956130073,-0.2569810482370972
0.17,1.976496145647702,-0.2692763362739642
0.18,1.9738033822849623,-0.281214681347341
0.19,1.970991235471489,-0.2928090197982057
0.2,1.968063145273507,-0.30407195866270587
0.21,1.9650224256868798,-0.3150157740138396
0.22,1.9618722679467413,-0.32565241055640387
0.23,1.9586157438411773,-0.3359934823461759
0.24,1.9552558090177155,-0.3460502745131015
0.25,1.9517953062725844,-0.35583374587677163
0.26,1.9482369688138166,-0.36535453235065307
0.27,1.94458342349031,-0.3746229510393735
0.28,1.9408371939799163,-0.38364900494082965
0.29,1.937000703930508,-0.3924423881719834
0.3,1.9330762800487882,-0.40101249164392483
0.31,1.929066155132349,-0.40936840911811845
0.32,1.9249724710411678,-0.417518943581709
0.33,1.9207972816053507,-0.42547261388535357
0.34,1.9165425554664972,-0.43323766159227695
0.35000000000000003,1.9122101788505745,-0.44082205799212737
0.36,1.9078019582706534,-0.4482335112377519
0.37,1.9033196231582759,-0.4554794735672297
0.38,1.8987648284226035,-0.46256714857740894
0.39,1.8941391569368293,-0.4695034985188076
0.4,1.8894441219516414,-0.47629525158507036
0.41000000000000003,1.8846811694357906,-0.4829489091732439
0.42,1.8798516803440581,-0.48947075309395105
0.43,1.8749569728131186,-0.4958668527131281
0.44,1.8699983042859873,-0.5021430720093547
0.45,1.8649768735658938,-0.5083050765329636
0.46,1.8598938228005641,-0.5143583402550829
0.47000000000000003,1.8547502393980133,-0.5203081522965521
0.48,1.8495471578750478,-0.5261596235282744
0.49,1.844285561639765,-0.5319176930360313
0.5,1.8389663847094049,-0.5375871344441158
0.51,1.8335905133649637,-0.5431725620933265
0.52,1.8281587877440304,-0.5486784370699419
0.53,1.822672003373331,-0.5541090730832469
0.54,1.8171309126424986,-0.5594686421900466
0.55,1.811536226220598,-0.5647611803653593
0.56,1.8058886144169444,-0.569990592919158
0.5700000000000001,1.8001887084877528,-0.5751606597596282
0.58,1.7944371018901566,-0.5802750405039308
0.59,1.7886343514851173,-0.5853372794379218
0.6,1.782780978690738,-0.5903508103266777
0.61,1.7768774705874713,-0.5953189610780203
0.62,1.770924280976691,-0.6002449582615323
0.63,1.7649218313940755,-0.6051319314858062
0.64,1.7588705120792174,-0.6099829176368786
0.65,1.7527706829028487,-0.6148008649809804
0.66,1.7466226742530389,-0.619588637134874
0.67,1.7404267878816901,-0.6243490169071632
0.68,1.7341832977126186,-0.6290847100140481
0.6900000000000001,1.7278924506124782,-0.6337983486730633
0.7000000000000001,1.7215544671257477,-0.6384924950783789
0.71,1.715169542174964,-0.6431696447612717
0.72,1.7087378457273512,-0.6478322298393789
0.73,1.7022595234289575,-0.6524826221583454
0.74,1.6957346972073741,-0.6571231363294538
0.75,1.6891634658440795,-0.6617560326667995
0.76,1.6825459055174115,-0.6663835200275317
0.77,1.6758820703171362,-0.6710077585586375
0.78,1.6691719927315498,-0.6756308623536875
0.79,1.6624156841080129,-0.6802549020229044
0.8,1.6556131350877838,-0.6848819071798472
0.81,1.6487643160159853,-0.6895138688479363
0.8200000000000001,1.6418691773275058,-0.6941527417899687
0.8300000000000001,1.6349276499096062,-0.6988004467636958
0.84,1.6279396454419692,-0.7034588727064596
0.85,1.6209050567149046,-0.7081298788517978
0.86,1.6138237579263865,-0.7128152967808496
0.87,1.606695604958578,-0.7175169324113084
0.88,1.599520435634465,-0.722236567926583
0.89,1.5922980699551992,-0.7269759636477459
0.9,1.5850283103187217,-0.7317368598507608
0.91,1.5777109417202142,-0.7365209785313971
0.92,1.5703457319349001,-0.7413300251201539
0.93,1.5629324316836986,-0.7461656901494327
0.9400000000000001,1.5554707747822043,-0.7510296508751131
0.9500000000000001,1.547960478273453,-0.7559235728546027
0.96,1.540401242544907,-0.7608491114833489
0.97,1.5327927514300734,-0.7658079134917184
0.98,1.5251346722951562,-0.7708016184040682
0.99,1.5174266561111156,-0.7758318599617501
1,1.509668337511498,-0.7809002675117097
1.01,1.501859334836381,-0.786008467362262
1.02,1.4939992501627584,-0.7911580841075425
1.03,1.486087669321683,-0.7963507419220556
1.04,1.4781241619024623,-0.8015880658266602
1.05,1.4701082812441957,-0.8068716829272546
1.06,1.462039564414923,-0.8122032236273397
1.07,1.4539175321786497,-0.8175843228155616
1.08,1.4457416889504942,-0.823016621029255
1.09,1.4375115227402016,-0.828501765594922
1.1,1.4292265050842523,-0.8340414117465046
1.11,1.4208860909667873,-0.8396372237222222
1.12,1.412489718729565,-0.8452908758406605
1.1300000000000001,1.4040368099711584,-0.8510040535567152
1.1400000000000001,1.3955267694355913,-0.856778454497899
1.1500000000000001,1.3869589848906123,-0.8626157894814396
1.16,1.378332826995798,-0.8685177835124936
1.17,1.369647649160673,-0.8744861767637143
1.18,1.360902787393036,-0.8805227255363068
1.19,1.3520975601376728,-0.8866292032026073
1.2,1.3432312681056466,-0.8928074011301131
1.21,1.3343031940943455,-0.8990591295867848
1.22,1.3253126027984776,-0.9053862186273246
1.23,1.3162587406122044,-0.9117905189600191
1.24,1.3071408354226042,-0.9182739027936074
1.25,1.2979580963946682,-0.9248382646635093
1.26,1.288709713748033,-0.9314855222366066
1.27,1.279394858525667,-0.9382176170936348
1.28,1.2700126823547306,-0.945036515488085
1.29,1.2605623171998497,-0.9519442090803624
1.3,1.251042875109046,-0.958942715645779
1.31,1.2414534479525883,-0.9660340797547826
1.32,1.2317931071550405,-0.9732203734236384
1.33,1.222060903420804,-0.9805036967335844
1.34,1.2122558664534682,-0.9878861784162734
1.35,1.2023770046693054,-0.9953699764030963
1.36,1.1924233049052744,-1.0029572783357488
1.37,1.182393732121917,-1.010650302035158
1.3800000000000001,1.1722872291015654,-1.0184512959256278
1.3900000000000001,1.162102716142309,-1.0263625394107838
1.4000000000000001,1.1518390907482012,-1.0343863431976101
1.41,1.141495227316225,-1.04252504956456
1.42,1.1310699768205794,-1.0507810325693963
1.43,1.1205621664948855,-1.0591566981920737
1.44,1.1099705995129647,-1.067654484407605
1.45,1.0992940546688887,-1.0762768611834685
1.46,1.088531286057054,-1.0850263303957046
1.47,1.0776810227530969,-1.0939054256574121
1.48,1.0667419684965227,-1.1029167120528993
1.49,1.0557128013759938,-1.1120627857702583
1.5,1.0445921735182913,-1.1213462736246183
1.51,1.0333787107820451,-1.1307698324637936
1.52,1.0220710124574073,-1.1403361484474699
1.53,1.0106676509729327,-1.150047936190469
1.54,0.999167171611028,-1.1599079377600003
1.55,0.987568092233428,-1.169918921516136
1.56,0.9758689030182667,-1.1800836807840427
1.57,0.9640680662104263,-1.190405032345765
1.58,0.9521640158869686,-1.2008858147385777
1.59,0.9401551577395829,-1.211528886346109
1.6,0.9280398688761218,-1.2223371232675804
1.61,0.915816497643446,-1.233313416949619
1.62,0.9034833634739498,-1.2444606715641584
1.6300000000000001,0.8910387567583081,-1.2557818011149726
1.6400000000000001,0.8784809387471584,-1.2672797262543671
1.6500000000000001,0.8658081414846147,-1.2789573707904967
1.6600000000000001,0.8530185677767097,-1.2908176578646788
1.67,0.840110391198063,-1.3028635057769342
1.68,0.8270817561402937,-1.3150978234368087
1.69,0.8139307779059256,-1.3275235054153163
1.7,0.8006555428517724,-1.3401434265725958
1.71,0.7872541085860465,-1.3529604362345922
1.72,0.7737245042237005,-1.3659773518907639
1.73,0.7600647307047929,-1.379196952383487
1.74,0.746272761180958,-1.3926219705584737
1.75,0.7323465414753733,-1.40625508534416
1.76,0.7182839906219317,-1.420098913226651
1.77,0.7040830014896652,-1.4341559990854464
1.78,0.6897414414988107,-1.4484288063538202
1.79,0.6752571534352725,-1.4629197064664063
1.8,0.6606279563706084,-1.477630967555259
1.81,0.6458516466950559,-1.4925647423544273
1.82,0.6309259992715116,-1.507723055271932
1.83,0.6158487687187922,-1.5231077885869688
1.84,0.6006176908329226,-1.5387206677292184
1.85,0.5852304841556304,-1.554563245596339
1.86,0.569684851699667,-1.5706368858650814
1.87,0.5539784828410161,-1.5869427452510343
1.8800000000000001,0.5381090553885058,-1.6034817546718056
1.8900000000000001,0.5220742378417877,-1.6202545992685284
1.9000000000000001,0.5058716918491024,-1.6372616972409684
1.9100000000000001,0.48949907487669275,-1.6545031774522707
1.92,0.47295404310217004,-1.6719788557605593
1.93,0.45623425454456445,-1.6896882100362445
1.94,0.439337372444202,-1.707630353826076
1.95,0.42226106890594123,-1.7258040086277513
1.96,0.4050030288196637,-1.7442074747423362
1.97,0.38756095407224034,-1.7628386006759418
1.98,0.3699325680654809,-1.7816947510671162
1.99,0.35211562055480977,-1.8007727731223324
2,0.33410789282358644,-1.8200689615488814
2.0100000000000002,0.3159072032080976,-1.8395790219824946
2.02,0.29751141298827266,-1.8592980329162392
2.0300000000000002,0.27891843265911026,-1.879220406147732
2.04,0.26012622859763296,-1.8993398457736261
2.05,0.2411328301398967,-1.9196493057737345
2.06,0.22193633708215935,-1.9401409462421666
2.07,0.20253492761973768,-1.9608060883395801
2.08,0.18292686673634187,-1.9816351680591808
2.09,0.16311051505575005,-2.002617688919534
2.1,0.14308433816655472,-2.023742173719665
2.11,0.12284691642935808,-2.0449961155163807
2.12,0.10239695527419426,-2.0663659280103412
2.13,0.08173329599409085,-2.0878368955560904
2.14,0.060854927038529946,-2.109393123042156
2.15,0.039760995808108386,-2.131017485920315
2.16,0.018450820948905235,-2.152691580698213
2.17,-0.0030760948580768957,-2.1743956762465966
2.18,-0.024820051620542863,-2.1961086663113445
2.19,-0.04678113828365631,-2.2178080236610547
2.2,-0.06895921852026685,-2.2394697563429204
2.21,-0.09135391608369606,-2.261068366562671
2.22,-0.11396459974932277,-2.282576812748089
2.23,-0.13679036787680365,-2.3039664753995313
2.24,-0.15983003263079898,-2.3252071273744503
2.25,-0.1830821039045435,-2.3462669092954345
2.2600000000000002,-0.20654477299749785,-2.3671123108120384
2.27,-0.23021589610561824,-2.387708158484768
2.2800000000000002,-0.2540929776904659,-2.4080176110940763
2.29,-0.27817315380140667,-2.4280021632070357
2.3000000000000003,-0.30245317543347705,-2.4476216578583174
2.31,-0.3269293920120602,-2.466834309218987
2.32,-0.3515977351042501,-2.4855967361350424
2.33,-0.3764537024656005,-2.5038640074162064
2.34,-0.40149234253976257,-2.5215896997427474
2.35,-0.42670823953719006,-2.538725969032597
2.36,-0.452095499227516,-2.5552236360712404
2.37,-0.47764773558822843,-2.571032287151374
2.38,-0.5033580584597421,-2.5861003903967963
2.39,-0.5292190623637101,-2.600375428354163
2.4,-0.5552228166472517,-2.6138040473261066
2.41,-0.5813608571205128,-2.626332223788933
2.42,-0.6076241793584021,-2.6379054480871735
2.43,-0.6340032338392738,-2.6484689254255427
2.44,-0.6604879230935292,-2.6579677939865594
2.45,-0.6870676010333948,-2.6663473597900236
2.46,-0.713731074631295,-2.673553347679934
2.47,-0.7404666081080944,-2.6795321675771917
2.48,-0.7672619297838663,-2.6842311948750264
2.49,-0.7941042417326166,-2.6875990635816596
2.5,-0.8209802323684332,-2.689585970535095
2.5100000000000002,-0.8478760920737841,-2.6901439887325425
2.52,-0.8747775319611095,-2.6892273875369344
2.5300000000000002,-0.9016698058364788,-2.686792957250913
2.54,-0.928537735408988,-2.6828003352906733
2.5500000000000003,-0.9553657387618947,-2.6772123309546405
2.56,-0.982137862071441,-2.669995245571836
2.57,-1.0088378145271595,-2.6611191846387547
2.58,-1.035449006373547,-2.6505583584182664
2.59,-1.0619545899577298,-2.6382913673857984
2.6,-1.0883375036315879,-2.624301468872651
2.61,-1.1145805183203144,-2.6085768212786933
2.62,-1.1406662865331012,-2.5911107023109166
2.63,-1.1665773935562103,-2.5719016978531424
2.64,-1.1922964105347418,-2.550953858286973
2.65,-1.2178059491176114,-2.5282768193646388
2.66,-1.2430887173112577,-2.503885885078867
2.67,-1.2681275761620463,-2.4778020703796537
2.68,-1.292905596865843,-2.450052102047476
2.69,-1.3174061178863177,-2.420668376539951
2.7,-1.3416128016517173,-2.389688874175548
2.71,-1.3655096903934727,-2.3571570295936177
2.72,-1.389081260689409,-2.3231215590234267
2.73,-1.4123124762796433,-2.2876362454939936
2.74,-1.4351888387345832,-2.250759683708631
2.75,-1.4576964355716695,-2.212554986880378
2.7600000000000002,-1.4798219854404733,-2.173089458364439
2.77,-1.5015528800241176,-2.132434231419287
2.7800000000000002,-1.5228772223383105,-2.0906638808683886
2.79,-1.5437838611469943,-2.047856010809886
2.8000000000000003,-1.564262421255093,-2.004090822824156
2.81,-1.5843033294833346,-1.959450669352874
2.82,-1.6038978361768634,-1.9140195970641023
2.83,-1.6230380321475044,-1.8678828850741909
2.84,-1.6417168609982464,-1.8211265828693322
2.85,-1.6599281268269397,-1.7738370526599911
2.86,-1.6776664973535396,-1.7261005207146667
2.87,-1.6949275025606862,-1.678002641961878
2.88,-1.711707528980305,-1.6296280818288014
2.89,-1.728003809798593,-1.581060118910746
2.9,-1.7438144109877005,-1.5323802716477097
2.91,-1.7591382137041776,-1.4836679517332299
2.92,-1.7739748932215098,-1.4350001465075257
2.93,-1.788324894686585,-1.3864511321022663
2.94,-1.8021894060076078,-1.338092218618586
2.95,-1.8155703281937936,-1.2899915281429026
2.96,-1.8284702434752227,-1.2422138059454793
2.97,-1.8408923815346774,-1.194820264772243
2.98,-1.8528405841823998,-1.1478684617376718
2.99,-1.8643192687997765,-1.101412206960834
3,-1.8753333908693848,-1.0555015027618713
3.0100000000000002,-1.8858884058970036,-1.0101825119550032
3.02,-1.8959902310165535,-0.9654975535379573
3.0300000000000002,-1.9056452065519331,-0.92148512388683
3.04,-1.9148600577908015,-0.8781799414190581
3.0500000000000003,-1.923641857204992,-0.8356130125837476
3.06,-1.9319979873308295,-0.793811716975673
3.0700000000000003,-1.9399361045005863,-0.7527999093438127
3.08,-1.9474641035940243,-0.7125980362738624
3.09,-1.954590083956763,-0.673223265362967
3.1,-1.9613223166103926,-0.6346896247699858
3.11,-1.9676692128580924,-0.5970081511119107
3.12,-1.9736392943692116,-0.5601870437826045
3.13,-1.9792411648070376,-0.5242318238899776
3.14,-1.9844834830459375,-0.48914549613840236
3.15,-1.9893749380073216,-0.45492871212120534
3.16,-1.9939242251285336,-0.42157993363037805
3.17,-1.9981400244648373,-0.38909559473446165
3.18,-2.002030980412182,-0.35747026151846417
3.19,-2.0056056830273667,-0.3266967885196007
3.2,-2.0088726509125627,-0.29676647102787845
3.21,-2.0118403156228415,-0.2676691925496757
3.22,-2.014517007548338,-0.23939356685439572
3.23,-2.016910943216882,-0.21192707413819742
3.24,-2.0190302139582643,-0.18525619094416018
3.25,-2.020882775867706,-0.15936651357469916
3.2600000000000002,-2.022476441003453,-0.13424287481947753
3.27,-2.023818869751648,-0.1098694539005016
3.2800000000000002,-2.0249175642906527,-0.08622987960571092
3.29,-2.0257798630867097,-0.06330732664348228
3.3000000000000003,-2.0264129363531445,-0.041084605303438854
3.31,-2.0268237824061788,-0.01954424455424735
3.3200000000000003,-2.0270192248517214,0.0013314312528008507
3.33,-2.0270059105391933,0.021560231874157374
3.34,-2.026790308220452,0.04116003663268518
3.35,-2.026378707854125,0.06014873559913109
3.36,-2.0257772204981337,0.0785441762360388
3.37,-2.024991778735773,0.09636411523331524
3.38,-2.02402813758344,0.11362617525816643
3.39,-2.0228918758308585,0.13034780633905974
3.4,-2.021588397767468,0.1465462516032849
3.41,-2.020122935251435,0.16223851709014847
3.42,-2.0185005500805335,0.17744134536644987
3.43,-2.016726136626869,0.1921711926772897
3.44,-2.0148044247000962,0.20644420937312485
3.45,-2.012739982606365,0.22027622336301572
3.46,-2.010537220372735,0.233682726353944
3.47,-2.0082003931091954,0.24667886264668495
3.48,-2.0057336044827285,0.2592794202697881
3.49,-2.0031408102800308,0.2714988242445803
3.5,-2.000425822037585,0.2833511317855998
3.5100000000000002,-1.997592310719729,0.2948500292523713
3.52,-1.9946438104272053,0.3060088306798253
3.5300000000000002,-1.9915837221204071,0.31684047772586577
3.54,-1.9884153173431485,0.3273575408855165
3.5500000000000003,-1.9851417419342934,0.33757222183167235
3.56,-1.9817660197159768,0.3474963567526986
3.5700000000000003,-1.9782910561484497,0.3571414205669238
3.58,-1.9747196419427804,0.36651853190343414
3.59,-1.971054456623746,0.37563845874748186
3.6,-1.9672980720362712,0.384511624657257
3.61,-1.9634529557896987,0.39314811546674056
3.62,-1.9595214746350313,0.4015576863968523
3.63,-1.9555058977710629,0.4097497695041435
3.64,-1.9514084000760215,0.4177334814028639
3.65,-1.9472310652619929,0.42551763120237446
3.66,-1.942975888949969,0.433110728607589
3.67,-1.9386447816638932,0.4405209921354338
3.68,-1.934239571742539,0.4477563574052237
3.69,-1.9297620081684868,0.4548244854653919
3.7,-1.9252137633138329,0.4617327711231925
3.71,-1.9205964356026008,0.46848835124784177
3.72,-1.9159115520901224,0.47509811302109456
3.73,-1.9111605709599115,0.48156870211248437
3.74,-1.9063448839387866,0.4879065307594104
3.75,-1.9014658186311926,0.49411778573494686
3.7600000000000002,-1.8965246407738432,0.5002084361887014
3.77,-1.8915225564119562,0.5061842413482718
3.7800000000000002,-1.8864607139984735,0.5120507580708658
3.79,-1.881340206417765,0.5178133482364673
3.8000000000000003,-1.8761620729354003,0.5234771859755722
3.81,-1.8709273010756446,0.5290472647259921
3.8200000000000003,-1.8656368284283846,0.534528404114543
3.83,-1.8602915443872392,0.5399252566606216
3.84,-1.854892291820633,0.5452423142997174
3.85,-1.8494398686776359,0.5504839147258493
3.86,-1.8439350295303774,0.5556542475527392
3.87,-1.83837848705485,0.5607573602942605
3.88,-1.8327709134519075,0.5657971641653441
3.89,-1.827112941810254,0.5707774397050753
3.9,-1.8214051674132032,0.5757018422242012
3.91,-1.8156481489909613,0.5805739070796838
3.92,-1.8098424099201644,0.5853970547792888
3.93,-1.8039884393723715,0.5901745959195012
3.94,-1.7980866934131765,0.5949097359603093
3.95,-1.7921375960535735,0.5996055798406086
3.96,-1.7861415402551675,0.6042651364381406
3.97,-1.780098888890786,0.6088913228780171
3.98,-1.7740099756620058,0.6134869686939785
3.99,-1.767875105975066,0.6180548198466089
4,-1.7616945577766,0.6225975426027766
4.01,-1.755468582350572,0.6271177272805917
4.0200000000000005,-1.749197405077766,0.6316178918641849
4.03,-1.7428812261591242,0.6361004854925908
4.04,-1.7365202213041984,0.6405678918269999
4.05,-1.7301145423859283,0.6450224323006011
4.0600000000000005,-1.7236643180629223,0.6494663692551853
4.07,-1.7171696543703705,0.6539019089686228
4.08,-1.7106306352806844,0.6583312045772549
4.09,-1.7040473232349118,0.6627563588971698
4.1,-1.6974197596459402,0.6671794271482453
4.11,-1.6907479653744577,0.6716024195847616
4.12,-1.68403194117861,0.6760273040362914
4.13,-1.6772716681382471,0.6804560083624854
4.14,-1.6704671080546223,0.6848904228252748
4.15,-1.6636182038263696,0.6893324023819143
4.16,-1.6567248798025505,0.6937837689021932
4.17,-1.6497870421135286,0.6982463133130394
4.18,-1.6428045789803982,0.7027217976736464
4.19,-1.6357773610036617,0.7072119571841496
4.2,-1.6287052414318202,0.7117185021307831
4.21,-1.6215880564105123,0.7162431197703469
4.22,-1.6144256252128089,0.7207874761567195
4.23,-1.6072177504512417,0.7253532179120514
4.24,-1.5999642182721212,0.7299419739451837
4.25,-1.5926647985326694,0.7345553571197369
4.26,-1.5853192449614721,0.7391949658742276
4.2700000000000005,-1.57792729530273,0.7438623857964746
4.28,-1.5704886714447652,0.7485591911544688
4.29,-1.5630030795332206,0.7532869463857919
4.3,-1.5554702100693627,0.7580472075475808
4.3100000000000005,-1.547889737993887,0.7628415237289501
4.32,-1.5402613227565976,0.7676714384276985
4.33,-1.5325846083723205,0.7725384908930438
4.34,-1.52485922346339,0.7774442174360466
4.3500000000000005,-1.5170847812890296,0.7823901527093021
4.36,-1.5092608797619365,0.7873778309574002
4.37,-1.5013871014523625,0.7924087872395728
4.38,-1.493463013579967,0.7974845586258676
4.39,-1.4854881679937082,0.8026066853681133
4.4,-1.477462101140027,0.8077767120468553
4.41,-1.4693843340195585,0.812996188695372
4.42,-1.4612543721326048,0.8182666719017958
4.43,-1.4530717054135869,0.8235897258902888
4.44,-1.444835808154684,0.828966923582144
4.45,-1.4365461389188625,0.8343998476376022
4.46,-1.4282021404424865,0.839890091479095
4.47,-1.4198032395276956,0.8454392602965431
4.48,-1.4113488469247302,0.8510489720352566
4.49,-1.4028383572043777,0.8567208583668985
4.5,-1.3942711486207087,0.8624565656438871
4.51,-1.38564658296427,0.8682577558375253
4.5200000000000005,-1.3769640054058947,0.8741261074600513
4.53,-1.3682227443312942,0.8800633164707138
4.54,-1.3594221111665872,0.886071097165877
4.55,-1.3505614001949284,0.8921511830530587
4.5600000000000005,-1.3416398883643978,0.8983053277087042
4.57,-1.3326568350873107,0.9045353056193839
4.58,-1.323611482031117,0.9108429130059962
4.59,-1.3145030529010568,0.9172299686304328
4.6000000000000005,-1.3053307532147524,0.9236983145840427
4.61,-1.2960937700689121,0.9302498170571002
4.62,-1.2867912718983412,0.9368863670883447
4.63,-1.2774224082274577,0.9436098812935182
4.64,-1.2679863094145225,0.950422302571672
4.65,-1.2584820863888058,0.9573256007878586
4.66,-1.2489088303809273,0.9643217734306508
4.67,-1.2392656126466208,0.971412846242759
4.68,-1.2295514841841932,0.9786008738228219
4.69,-1.219765475445965,0.9858879401962541
4.7,-1.2099065960440025,0.9932761593528194
4.71,-1.1999738344504742,1.0007676757483754
4.72,-1.1899661576929905,1.008364664768004
4.73,-1.1798825110453104,1.0160693331474857
4.74,-1.1697218177138355,1.0238839193498162
4.75,-1.1594829785203373,1.0318106938931817
4.76,-1.1491648715814056,1.0398519596265117
4.7700000000000005,-1.1387663519851405,1.0480100519484123
4.78,-1.1282862514656564,1.0562873389649523
4.79,-1.117723378076007,1.064686221581418
4.8,-1.1070765158601927,1.07320913352278
4.8100000000000005,-1.096344424524965,1.0818585412772201
4.82,-1.0855258391121927,1.0906369439566412
4.83,-1.0746194696726263,1.0995468730676483
4.84,-1.0636240009419498,1.1085908921860113
4.8500000000000005,-1.0525380920200897,1.1177715965271275
4.86,-1.0413603760548185,1.1270916124044776
4.87,-1.0300894599307737,1.1365535965675122
4.88,-1.0187239239650987,1.146160235409826
4.89,-1.0072623216110004,1.155914244037856
4.9,-0.9957031791706218,1.1658183651896925
4.91,-0.9840449955187248,1.1758753679929064
4.92,-0.9722862418387958,1.186088046549579
4.93,-0.9604253613732999,1.1964592183359604
4.94,-0.9484607691899403,1.2069917224033924
4.95,-0.9363908519659063,1.2176884173662927
4.96,-0.9242139677922434,1.2285521791621319
4.97,-0.9119284460006221,1.2395858985674133
4.98,-0.899532587014948,1.2507924784527205
4.99,-0.8870246622304208,1.2621748307588911
5,-0.8744029139228319,1.273735873175349
5.01,-0.8616655551910783,1.2854785255005412
5.0200000000000005,-0.848810769936073,1.2974057056633126
5.03,-0.8358367128794398,1.3095203253828882
5.04,-0.822741509625611,1.3218252854439405
5.05,-0.8095232567711715,1.3343234705619824
5.0600000000000005,-0.7961800220655517,1.3470177438130622
5.07,-0.7827098446274211,1.359910940600437
5.08,-0.7691107352214167,1.3730058621295789
5.09,-0.7553806766001209,1.3863052683615154
5.1000000000000005,-0.7415176239165057,1.3998118704131524
5.11,-0.7275195052123742,1.413528322371844
5.12,-0.7133842219886557,1.42745721249011
5.13,-0.6991096498637546,1.4416010537250268
5.14,-0.6846936393265043,1.4559622735854778
5.15,-0.6701340165906495,1.470543203249129
5.16,-0.6554285845581582,1.4853460659097262
5.17,-0.6405751238990609,1.5003729643141075
5.18,-0.6255713942559198,1.5156258674471916
5.19,-0.6104151355814479,1.5311065963221844
5.2,-0.595104069618226,1.5468168088323433
5.21,-0.5796359015299026,1.5627579836198988
5.22,-0.5640083216937036,1.5789314029171624
5.23,-0.548219007664532,1.595338134314508
5.24,-0.532265626321387,1.6119790114098158
5.25,-0.5161458362072888,1.628854613294161
5.26,-0.4998572900743472,1.6459652428290714
5.2700000000000005,-0.4833976376460565,1.6633109036715878
5.28,-0.4667645286093406,1.6808912760047292
5.29,-0.4499556158492933,1.6987056909328149
5.3,-0.4329685589399651,1.7167531035035177
5.3100000000000005,-0.41580102790492995,1.735032064321568
5.32,-0.3984507072617143,1.7535406897227708
5.33,-0.38091530036448656,1.772276630481537
5.34,-0.3631925340596712,1.7912370390305072
5.3500000000000005,-0.34528016366936615,1.8104185351772
5.36,-0.32717597831759415,1.8298171703099937
5.37,-0.3088778066144942,1.849428390094282
5.38,-0.2903835227135514,1.869246995669404
5.39,-0.27169105275685734,1.889267103368062
5.4,-0.2527983817231767,1.9094821029924955
5.41,-0.23370356069325174,1.9298846146957902
5.42,-0.21440471454629384,1.9504664445324633
5.43,-0.1949000501009692,1.97121853876
5.44,-0.1751878647133692,1.992130936992388
5.45,-0.1552665553434453,2.0131927243280296
5.46,-0.135134628100165,2.034391982597754
5.47,-0.11479070827418746,2.0557157409040925
5.48,-0.09423355086514654,2.077149925650554
5.49,-0.073462051608641,2.098679310289373
5.5,-0.05247525850574727,2.120287465048101
5.51,-0.031272383855266254,2.1419567069294394
5.5200000000000005,-0.00985281678597186,2.163668050314808
5.53,0.011783863717176216,2.185401158540176
5.54,0.033637875302577974,2.2071342968525056
5.55,0.055709218271103034,2.228844287196554
5.5600000000000005,0.07799766114306858,2.2505064653244435
5.57,0.10050272579631302,2.2720946407640197
5.58,0.12322367220395322,2.2935810602261073
5.59,0.1461594828062143,2.3149363750748524
5.6000000000000005,0.16930884655696282,2.3361296135287852
5.61,0.1926701426922507,2.3571281583023516
5.62,0.2162414242752742,2.377897730437634
5.63,0.24002040157965054,2.39840238011291
5.64,0.2640044253807796,2.418604485247568
5.65,0.2881904702332553,2.4384647587505865
5.66,0.31257511782076114,2.457942265281093
5.67,0.3371545404735721,2.4769944484031483
5.68,0.36192448495760354,2.4955771690214297
5.69,0.38688025664781783,2.5136447559785626
5.7,0.41201670420760345,2.5311500696768796
5.71,0.43732820490437224,2.548044579555982
5.72,0.46280865069993204,2.5642784562110923
5.73,0.488451435262043,2.5798006788744505
5.74,0.5142494420507875,2.594559158901566
5.75,0.5401950336398031,2.6085008798048737
5.76,0.5662800424378519,2.6215720542582415
5.7700000000000005,0.5924957629804343,2.633718298356193
5.78,0.6188329459639962,2.6448848232512288
5.79,0.6452817941965084,2.655016644111288
5.8,0.6718319606376213,2.66405880613764
5.8100000000000005,0.6984725486989977,2.6719566271623028
5.82,0.7251921149706206,2.67865595610499
5.83,0.7519786745316706,2.6841034463147144
5.84,0.7788197089948177,2.6882468425533266
5.8500000000000005,0.805702177420351,2.691035280100864
5.86,0.8326125302213596,2.692419594179764
5.87,0.8595367261631572,2.6923526376114792
5.88,0.8864602525392721,2.6907896043402184
5.89,0.9133681485826742,2.687688356190282
5.9,0.940245032144577,2.683009749972118
5.91,0.9670751296442982,2.676717961824441
5.92,0.9938423092625426,2.6687808054823177
5.93,1.0205301173173658,2.659170041000856
5.94,1.0471218177273742,2.647861670347596
5.95,1.0736004344308503,2.634836216210043
5.96,1.0999487965929506,2.6200789803535574
5.97,1.1261495863964863,2.603580277913544
5.98,1.1521853891756217,2.5853356441182185
5.99,1.178038745616804,2.5653460101162318
6,1.2036922057179664,2.543617844827972
6.01,1.2291283841662461,2.520163260049397
6.0200000000000005,1.2543300167667402,2.495000076410251
6.03,1.2792800175308428,2.4681518482199873
6.04,1.3039615360130425,2.439647845718552
6.05,1.328358014470228,2.409522993777502
6.0600000000000005,1.352453244408003,2.377817766660357
6.07,1.3762314220746066,2.3445780390389563
6.08,1.3996772024649962,2.3098548940631254
6.09,1.4227757514056274,2.2737043898816895
6.1000000000000005,1.4455127953044442,2.2361872866009582
6.11,1.4678746681704538,2.1973687362293792
6.12,1.4898483555327475,2.157317938681725
6.13,1.5114215349195648,2.1161077673912634
6.140000000000001,1.5325826125934774,2.0738143684934363
6.15,1.5533207562784117,2.0305167378906805
6.16,1.5736259236573185,1.986296280777946
6.17,1.593488886465098,1.941236358397089
6.18,1.612901250049069,1.895421826892548
6.19,1.6318554683179944,1.8489385731597539
6.2,1.650344854049592,1.801873052512935
6.21,1.6683635845747213,1.7543118328538112
6.22,1.6859067029032595,1.7063411498025378
6.23,1.702970114401285,1.6580464769642558
6.24,1.7195505791709276,1.6095121151572755
6.25,1.7356457003225003,1.5608208040319087
6.26,1.7512539083628194,1.5120533590726906
6.2700000000000005,1.7663744419535463,1.463288336512063
6.28,1.781007325318667,1.4146017282014385
6.29,1.7951533426006814,1.3660666879966425
6.3,1.8088140094806477,1.3177532907292129
6.3100000000000005,1.8219915423879398,1.2697283243622794
6.32,1.8346888256315625,1.2220551154781998
6.33,1.8469093767863445,1.174793387821991
6.34,1.8586573106645643,1.1279991532359201
6.3500000000000005,1.8699373021969234,1.0817246339710733
6.36,1.8807545485366342,1.03601821505471
6.37,1.8911147306871812,0.9909244251298384
6.38,1.9010239749384796,0.9464839439666213
6.390000000000001,1.9104888143781458,0.9027336346737348
6.4,1.919516150724883,0.8597065985104849
6.41,1.928113216709988,0.8174322501153072
6.42,1.936287539211141,0.7759364109205213
6.43,1.9440469033203462,0.7352414185136287
6.44,1.9513993175054825,0.6953662497283716
6.45,1.9583529800027661,0.6563266553003131
6.46,1.9649162465557692,0.6181353039978026
6.47,1.9710975995957474,0.5808019342358297
6.48,1.9769056189381056,0.5443335112934587
6.49,1.9823489540510402,0.5087343883814975
6.5,1.9874362979348552,0.4740064699422222
6.51,1.9921763626342774,0.44014937570407714
6.5200000000000005,1.9965778563913181,0.4071606041583434
6.53,2.0006494624329014,0.37503569426919836
6.54,2.0043998193755934,0.3437683843711104
6.55,2.0078375032193043,0.3133507673461951
6.5600000000000005,2.0109710108927663,0.2837734413074289
6.57,2.0138087453058406,0.2550256551401977
6.58,2.016359001857243,0.2270954483735927
6.59,2.0186299563409786,0.19996978496345005
6.6000000000000005,2.0206296541906132,0.1736346806709238
6.61,2.0223660009973226,0.1480753238131363
6.62,2.023846754235454,0.12327618924612639
6.63,2.0250795161279154,0.09922114551501193
6.640000000000001,2.0260717275830653,0.07589355517224178
6.65,2.026830663134788,0.053276368322371995
6.66,2.0273634268180114,0.03135220950138353
6.67,2.027676948913025,0.010103458040647766
6.68,2.0277779834934315,-0.010487677899236027
6.69,2.027673106714439,-0.030439093410811302
6.7,2.027368715780331,-0.04976872480158985
6.71,2.026871028532315,-0.06849449318104898
6.72,2.0261860836005043,-0.08663425340574034
6.73,2.025319741066447,-0.10420574810689603
6.74,2.024277683585378,-0.1212265665200773
6.75,2.0230654179201775,-0.1377141078348041
6.76,2.0216882768418296,-0.1536855487832828
6.7700000000000005,2.020151421353997,-0.16915781519089584
6.78,2.0184598432020877,-0.18414755721665146
6.79,2.0166183676299214,-0.19867112801896525
6.8,2.014631656349732,-0.21274456559064298
6.8100000000000005,2.0125042106938253,-0.22638357751647603
6.82,2.0102403749186606,-0.2396035284171965
6.83,2.0078443396344885,-0.2524194298544469
6.84,2.005320145335944,-0.2648459324827089
6.8500000000000005,2.0026716860111167,-0.2768973202456386
6.86,1.9999027128086604,-0.28858750642582914
6.87,1.9970168377444022,-0.2999300313685449
6.88,1.9940175374307167,-0.3109380617113441
6.890000000000001,1.9909081568136033,-0.3216243909626411
6.9,1.987691912903977,-0.33200144128309217
6.91,1.984371898491146,-0.342081266334162
6.92,1.9809510858278043,-0.3518755550683035
6.93,1.9774323302771213,-0.3613956363448247
6.94,1.973818373913673,-0.3706524842647118
6.95,1.9701118490710259,-0.3796567241263988
6.96,1.9663152818297618,-0.3884186389127308
6.97,1.9624310954406345,-0.3969481762271467
6.98,1.958461613678363,-0.40525495560441727
6.99,1.9544090641223189,-0.4133482761281251
7,1.9502755813610375,-0.42123712429346977
7.01,1.9460632101181028,-0.4289301820599455
7.0200000000000005,1.9417739082975034,-0.4364358350439778
7.03,1.9374095499470636,-0.44376218080674446
7.04,1.932971928138996,-0.4509170371971556
7.05,1.9284627577670246,-0.4579079507143541
7.0600000000000005,1.923883678259881,-0.46474220485813267
7.07,1.9192362562112997,-0.47142682843937417
7.08,1.914521987926906,-0.4779686038260202
7.09,1.9097423018886457,-0.48437407510318387
7.1000000000000005,1.904898561137614,-0.49064955612886013
7.11,1.8999920655763254,-0.49680113846927226
7.12,1.8950240541916326,-0.5028346992002419
7.13,1.88999570719963,-0.5087559085630998
7.140000000000001,1.884908148113999,-0.5145702374655804
7.15,1.8797624457393434,-0.5202829648198808
7.16,1.8745596160911446,-0.5258991847116304
7.17,1.8693006242440284,-0.5314238133949202
7.18,1.8639863861100792,-0.5368615961097964
7.19,1.8586177701489812,-0.5422171137197489
7.2,1.8531955990117837,-0.5474947891677158
7.21,1.8477206511201065,-0.5526988937500152
7.22,1.8421936621826063,-0.5578335532083931
7.23,1.8366153266505223,-0.5629027536410605
7.24,1.8309862991141117,-0.5679103472341964
7.25,1.8253071956417697,-0.5728600578159126
7.26,1.8195785950636105,-0.5777554862351266
7.2700000000000005,1.8138010402012592,-0.5826001155681781
7.28,1.8079750390455773,-0.5873973161563515
7.29,1.8021010658840138,-0.5921503504777443
7.3,1.7961795623792363,-0.5968623778571515
7.3100000000000005,1.7902109386006648,-0.6015364590178215
7.32,1.7841955740104867,-0.606175560479093
7.33,1.7781338184056958,-0.6107825588040342
7.34,1.7720259928176556,-0.6153602447012942
7.3500000000000005,1.7658723903706426,-0.619911326985436
7.36,1.7596732771007881,-0.6244384364000543
7.37,1.7534288927367876,-0.6289441293079985
7.38,1.7471394514437075,-0.6334308912530178
7.390000000000001,1.7408051425311772,-0.6379011403971228
7.4,1.734426131127206,-0.6423572308379287
7.41,1.7280025588188268,-0.6468014558101967
7.42,1.7215345442607248,-0.651236050775735
7.43,1.7150221837529676,-0.655663196405757
7.44,1.70846555178891,-0.6600850214597184
7.45,1.701864701574313,-0.6645036055645803
7.46,1.695219665518667,-0.6689209818983578
7.47,1.6885304556996834,-0.6733391397817253
7.48,1.6817970643018663,-0.6777600271813604
7.49,1.6750194640300526,-0.6821855531286092
7.5,1.6681976084987666,-0.6866175900569632
7.51,1.661331432598197,-0.6910579760617368
7.5200000000000005,1.6544208528375797,-0.6955085170852358
7.53,1.6474657676667273,-0.699970989030609
7.54,1.6404660577764212,-0.7044471398074734
7.55,1.6334215863783466,-0.7089386913123052
7.5600000000000005,1.6263321994652236,-0.713447341346488
7.57,1.6191977260517587,-0.7179747654748144
7.58,1.6120179783970106,-0.722522618827136
7.59,1.6047927522087393,-0.7270925378457633
7.6000000000000005,1.5975218268302818,-0.7316861419811214
7.61,1.5902049654104706,-0.7363050353380712
7.62,1.5828419150570898,-0.7409508082752183
7.63,1.5754324069743377,-0.7456250389594344
7.640000000000001,1.5679761565847434,-0.7503292948777331
7.65,1.5604728636359662,-0.7550651343085478
7.66,1.5529222122928807,-0.7598341077543765
7.67,1.545323871215337,-0.7646377593376715
7.68,1.5376774936219604,-0.7694776281617668
7.69,1.5299827173403426,-0.7743552496385545
7.7,1.522239164843957,-0.7792721567845395
7.71,1.5144464432761116,-0.7842298814868185
7.72,1.5066041444612435,-0.7892299557404515
7.73,1.498711844903839,-0.7942739128586154
7.74,1.4907691057752528,-0.799363288656846
7.75,1.4827754728886844,-0.8044996226126025
7.76,1.4747304766625584,-0.8096844590013048
7.7700000000000005,1.4666336320725453,-0.8149193480099197
7.78,1.458484438592446,-0.8202058468290928
7.79,1.4502823801241551,-0.8255455207247437
7.8,1.4420269249169078,-0.8309399440899646
7.8100000000000005,1.4337175254760082,-0.8363907014779812
7.82,1.4253536184612283,-0.8418993886168569
7.83,1.4169346245750598,-0.8474676134065351
7.84,1.4084599484409945,-0.853096996898737
7.8500000000000005,1.3999289784720073,-0.858789174260141
7.86,1.3913410867294058,-0.8645457957191885
7.87,1.3826956287722139,-0.8703685274967681
7.88,1.373991943497246,-0.8762590527209386
7.890000000000001,1.3652293529700368,-0.8822190723257596
7.9,1.3564071622467793,-0.8882503059341943
7.91,1.3475246591874372,-0.8943544927249547
7.92,1.3385811142601878,-0.900533392283047
7.930000000000001,1.3295757803373573,-0.9067887854336685
7.94,1.3205078924830207,-0.9131224750589928
7.95,1.3113766677324308,-0.9195362868972554
7.96,1.3021813048634583,-0.9260320703234314
7.97,1.292920984160224,-0.93261169911066
7.98,1.2835948671691175,-0.9392770721714344
7.99,1.2742020964474032,-0.9460301142774279
8,1.264741795304629,-0.9528727767566729
8.01,1.2552130675370623,-0.9598070381666481
8.02,1.2456149971553958,-0.9668349049416558
8.03,1.2359466481059793,-0.9739584120126916
8.040000000000001,1.2262070639858524,-0.9811796233978161
8.05,1.2163952677518743,-0.9885006327608353
8.06,1.206510261424266,-0.9959235639358832
8.07,1.1965510257849072,-1.0034505714152708
8.08,1.1865165200707546,-1.0110838407977276
8.09,1.1764056816627773,-1.018825589193904
8.1,1.1662174257708382,-1.0266780655857355
8.11,1.1559506451149808,-1.034643551135983
8.120000000000001,1.145604209603621,-1.0427243594439575
8.13,1.1351769660091815,-1.0509228367431205
8.14,1.1246677376417502,-1.0592413620359098
8.15,1.1140753240213912,-1.0676823471607757
8.16,1.1033985005497835,-1.076248236786038
8.17,1.092636018181923,-1.0849415083247647
8.18,1.0817866030986754,-1.0937646717644463
8.19,1.0708489563810308,-1.1027202694047897
8.2,1.059821753686983,-1.1118108754964735
8.21,1.0487036449320182,-1.1210390957732017
8.22,1.0374932539742863,-1.1304075668688611
8.23,1.0261891783055976,-1.1399189556110179
8.24,1.0147899887494876,-1.1495759581813993
8.25,1.0032942291676736,-1.1593812991333727
8.26,0.9917004161763399,-1.169337730255778
8.27,0.980007038873782,-1.1794480292717695
8.28,0.9682125585810644,-1.1897149983605928
8.290000000000001,0.9563154085974584,-1.20014146248945
8.3,0.944313993972564,-1.2107302675418041
8.31,0.932206691297146,-1.2214842782276196
8.32,0.9199918485148697,-1.2324063757601544
8.33,0.9076677847572682,-1.2434994552829892
8.34,0.8952327902044382,-1.2547664230300113
8.35,0.8826851259741382,-1.2662101932000605
8.36,0.8700230240421376,-1.2778336845268923
8.370000000000001,0.8572446871968686,-1.289639816524024
8.38,0.8443482890316284,-1.3016315053828917
8.39,0.8313319739777995,-1.3138116595015812
8.4,0.8181938573827836,-1.3261831746201773
8.41,0.8049320256365818,-1.3387489285375398
8.42,0.7915445363512065,-1.3515117753830284
8.43,0.7780294185973762,-1.3644745394153959
8.44,0.7643846732032222,-1.3776400083197338
8.45,0.7506082731200249,-1.3910109259720018
8.46,0.7366981638603048,-1.4045899846393033
8.47,0.7226522640139118,-1.4183798165826988
8.48,0.7084684658480849,-1.4323829850279732
8.49,0.6941446359978052,-1.4466019744684122
8.5,0.6796786162531211,-1.461039180262307
8.51,0.6650682244504981,-1.4756968974866043
8.52,0.6503112554756321,-1.4905773090068657
8.53,0.6354054823855634,-1.505682472722525
8.540000000000001,0.6203486576583381,-1.5210143079453322
8.55,0.6051385145788848,-1.5365745808678914
8.56,0.5897727687702059,-1.552364889078356
8.57,0.5742491198794224,-1.5683866450766486
8.58,0.5585652534286559,-1.5846410587470936
8.59,0.542718842841185,-1.6011291187420695
8.6,0.5267075516537643,-1.6178515727313054
8.61,0.5105290359264512,-1.634808906471739
8.620000000000001,0.49418094686173375,-1.652001321653528
8.63,0.47766093364519846,-1.6694287124788632
8.64,0.4609666465204098,-1.687090640931762
8.65,0.4440957401110922,-1.704986310699066
8.66,0.42704587700410157,-1.7231145397054861
8.67,0.40981473160704673,-1.7414737312288338
8.68,0.3923999942947584,-1.7600618435655713
8.69,0.3747993758591027,-1.7788763582216438
8.700000000000001,0.3570106122768863,-1.797914246609262
8.71,0.3390314698107937,-1.817171935236996
8.72,0.32085975045842374,-1.8366452693883175
8.73,0.3024932977645406,-1.856329475292666
8.74,0.2839300030116139,-1.8762191208033405
8.75,0.2651678118035805,-1.896308074608116
8.76,0.24620473105749935,-1.9165894640115697
8.77,0.22703883641738365,-1.9370556313427767
8.78,0.20766828010395588,-1.9576980890584013
8.790000000000001,0.18809129921337187,-1.9785074736293724
8.8,0.16830622447707813,-1.9994734983193791
8.81,0.14831148949388434,-2.020584904985442
8.82,0.12810564044402992,-2.0418294150548912
8.83,0.107687346293481,-2.0631936798592507
8.84,0.08705540949488849,-2.0846632305338657
8.85,0.06620877718954983,-2.1062224277225927
8.86,0.0451465529123239,-2.1278544113595212
8.870000000000001,0.02386800879872869,-2.1495410508344595
8.88,0.0023725982903840953,-2.171262895885695
8.89,-0.019340030668472855,-2.1929991286022332
8.9,-0.04127002195449519,-2.2147275169581078
8.91,-0.06341729712407626,-2.2364243703432414
8.92,-0.08578154082750868,-2.2580644975983772
8.93,-0.10836218580349245,-2.279621168105426
8.94,-0.13115839748454672,-2.301066076528747
8.950000000000001,-0.15416905824983418,-2.3223693118467987
8.96,-0.17739275136830218,-2.3434993313566923
8.97,-0.2008277446818691,-2.3644229403756283
8.98,-0.2244719740856254,-2.3851052784022473
8.99,-0.24832302686964786,-2.4055098125365575
9,-0.27237812499501346,-2.425598338988311
9.01,-0.29663410838489657,-2.4453309935293253
9.02,-0.32108741832018983,-2.4646662717640333
9.03,-0.34573408103783015,-2.483561060103189
9.040000000000001,-0.37056969163886205,-2.5019706783267104
9.05,-0.39558939842212915,-2.5198489346117063
9.06,-0.4207878877682462,-2.5371481938792684
9.07,-0.4461593697070389,-2.5538194602771567
9.08,-0.47169756430981047,-2.5698124745635997
9.09,-0.49739568905544645,-2.585075827088675
9.1,-0.5232464473263332,-2.599557086982875
9.11,-0.5492420181961619,-2.6132029480563843
9.120000000000001,-0.5753740476767257,-2.6259593917864414
9.13,-0.6016336415945901,-2.63777186762331
9.14,-0.6280113602708232,-2.648585490677617
9.15,-0.6544972151775993,-2.6583452566632877
9.16,-0.6810806677442321,-2.666996273761631
9.17,-0.7077506304818485,-2.674484010844488
9.18,-0.7344954705902934,-2.6807545612494765
9.19,-0.7613030162027882,-2.68575492104059
9.200000000000001,-0.7881605654131941,-2.6894332804157965
9.21,-0.8150548982173521,-2.691739326643445
9.22,-0.8419722914837866,-2.6926245566256273
9.23,-0.8688985370500428,-2.6920425969040864
9.24,-0.8958189630190837,-2.689949528648379
9.25,-0.9227184583055675,-2.6863042149028633
9.26,-0.9495815004545962,-2.68106862712512
9.27,-0.9763921867258474,-2.6742081678303786
9.28,-1.003134268404151,-2.665691985971203
9.290000000000001,-1.029791188263863,-2.655493281535883
9.3,-1.056346121079222,-2.6435895957490776
9.31,-1.0827820170367128,-2.6299630832102965
9.32,-1.109081647868816,-2.614600762314917
9.33,-1.1352276554919651,-2.597494740372967
9.34,-1.1612026028956948,-2.578642409975897
9.35,-1.1869890269954537,-2.558046613362714
9.36,-1.212569493129081,-2.535715771804388
9.370000000000001,-1.2379266508471247,-2.511663977357798
9.38,-1.2630432906207028,-2.485911044734443
9.39,-1.287902401068047,-2.458482521479685
9.4,-1.312487226282844,-2.4294096551585933
9.41,-1.3367813228344299,-2.3987293167862282
9.42,-1.360768616002292,-2.3664838803134485
9.43,-1.3844334548054265,-2.332721058573068
9.44,-1.4077606653911572,-2.297493696693312
9.450000000000001,-1.4307356023580904,-2.260859524583398
9.46,-1.4533441976039243,-2.222880870676798
9.47,-1.4755730063106922,-2.1836243396685973
9.48,-1.497409249707378,-2.1431604574920904
9.49,-1.518840854282299,-2.101563287235184
9.5,-1.539856487154651,-2.058910020089212
9.51,-1.5604455873555432,-2.0152805457431575
9.52,-1.5805983928129748,-1.9707570068784206
9.53,-1.6003059628817589,-1.925423342578797
9.540000000000001,-1.6195601963075468,-1.879364825544914
9.55,-1.638353844562996,-1.8326675979919902
9.56,-1.6566805205429158,-1.7854182110165184
9.57,-1.674534702653081,-1.737703172045502
9.58,-1.6919117343735361,-1.6896085047372045
9.59,-1.7088078194209082,-1.6412193253926577
9.6,-1.7252200126748347,-1.592619439571365
9.61,-1.7411462070705483,-1.5438909621926984
9.620000000000001,-1.7565851166924753,-1.4951139639570303
9.63,-1.7715362563320456,-1.4463661464485909
9.64,-1.7859999177965316,-1.3977225477962762
9.65,-1.7999771432744942,-1.3492552802797135
9.66,-1.8134696960772914,-1.3010333007857269
9.67,-1.8264800290851486,-1.253122214554018
9.68,-1.8390112512306889,-1.2055841122083943
9.69,-1.8510670923527728,-1.1584774396580695
9.700000000000001,-1.8626518667493535,-1.111856900077985
9.71,-1.8737704357501332,-1.0657733868420063
9.72,-1.8844281696185534,-1.0202739459911572
9.73,-1.894630909078465,-0.9754017665724626
9.74,-1.9043849267441897,-0.9311961969829806
9.75,-1.9136968887140196,-0.8876927852976524
9.76,-1.922573816566996,-0.8449233414472066
9.77,-1.9310230499814682,-0.8029160190412322
9.78,-1.9390522101718806,-0.7616954145987627
9.790000000000001,-1.9466691643178682,-0.7212826819508842
9.8,-1.953881991137377,-0.6816956596132315
9.81,-1.9606989477335093,-0.642949008986797
9.82,-1.9671284378233773,-0.6050543613292059
9.83,-1.9731789814366694,-0.5680204715414674
9.84,-1.9788591861520841,-0.5318533769332849
9.85,-1.984177719921417,-0.4965565592595852
9.86,-1.9891432855140128,-0.46213110845853367
9.870000000000001,-1.9937645965985982,-0.428575886663775
9.88,-1.998050355465236,-0.39588769120813416
9.89,-2.0020092323773175,-0.36406141548003784
9.9,-2.0056498465321178,-0.3330902066353179
9.91,-2.008980748598471,-0.30296561930403865
9.92,-2.0120104047915115,-0.27367776456307263
9.93,-2.014747182437142,-0.24521545356918012
9.94,-2.017199336972834,-0.21756633536345343
9.950000000000001,-2.0193750003264683,-0.1907170284655624
9.96,-2.021282170611124,-0.16465324597491024
9.97,-2.0229287030708734,-0.13935991398541012
9.98,-2.0243223022107273,-0.11482128320112953
9.99,-2.0254705150427386,-0.09102103371167897
10,-2.0263807253798554,-0.067942372949217
10.01,-2.0270601491093476,-0.04556812690367935
10.02,-2.0275158303783845,-0.023880824719759445
10.03,-2.027754638625582,-0.0028627768387712617
10.040000000000001,-2.02778326639397,0.017503853118654277
10.05,-2.027608227862783,0.03723698250649607
10.06,-2.0272358580377183,0.056354549600425206
10.07,-2.026672312541714,0.07487445907876202
10.08,-2.0259235679509264,0.09281453276677994
10.09,-2.0249954226232587,0.11019246536662425
10.1,-2.0238934979695924,0.1270257848914532
10.11,-2.022623240120678,0.14333181752182275
10.120000000000001,-2.0211899219454597,0.15912765660438632
10.13,-2.019598645379416,0.17443013551726305
10.14,-2.017854344024243,0.18925580413257242
10.15,-2.0159617859829173,0.20362090861430368
10.16,-2.0139255768967743,0.21754137429858156
10.17,-2.0117501631537884,0.2310327914132372
10.18,-2.009439835239656,0.244110403404153
10.19,-2.0069987312056146,0.2567890976469131
10.200000000000001,-2.0044308402291455,0.2690833983336751
10.21,-2.0017400062458086,0.28100746133672155
10.22,-1.9989299316324414,0.29257507086172124
10.23,-1.9960041809238243,0.30379963771521257
10.24,-1.9929661845466722,0.31469419902212104
10.25,-1.989819242556451,0.3252714192401605
10.26,-1.9865665283640492,0.3355435923286823
10.27,-1.9832110924407624,0.34552264493987583
10.28,-1.9797558659913637,0.3552201405101534
10.290000000000001,-1.9762036645862622,0.3646472841390396
10.3,-1.9725571917448719,0.37381492815191897
10.31,-1.9688190424633527,0.38273357825155635
10.32,-1.9649917066808371,0.3914134001713943
10.33,-1.9610775726791232,0.3998642267512482
10.34,-1.9570789304116107,0.40809556536316965
10.35,-1.952997974757979,0.41611660562193914
10.36,-1.9488368087017598,0.42393622732089553
10.370000000000001,-1.944597446428551,0.43156300853962304
10.38,-1.9402818163431548,0.43900523387541585
10.39,-1.9358917640044007,0.44627090275544057
10.4,-1.9314290549768462,0.4533677377911397
10.41,-1.9268953775989348,0.4603031931406795
10.42,-1.922292345667528,0.46708446284916716
10.43,-1.9176215010390363,0.4737184891399612
10.44,-1.9128843161476368,0.4802119706336954
10.450000000000001,-1.9080821964412997,0.4865713704746508
10.46,-1.9032164827365532,0.49280292434685696
10.47,-1.8982884534930846,0.4989126483648058
10.48,-1.8932993270094365,0.5049063468259323
10.49,-1.888250263541177,0.5107896198140713
10.5,-1.8831423673430363,0.5165678706449622
10.51,-1.8779766886365867,0.5222463131465445
10.52,-1.8727542255051213,0.5278299787682987
10.53,-1.8674759257174383,0.5333237235152368
10.540000000000001,-1.8621426884822858,0.538732234703352
10.55,-1.8567553661352523,0.5440600375344192
10.56,-1.851314765759908,0.5493115014889919
10.57,-1.845821650745018,0.5544908465372859
10.58,-1.840276742279645,0.5596021491683919
10.59,-1.8346807207879612,0.5646493482389088
10.6,-1.8290342273055722,0.5696362506426634
10.61,-1.8233378647991456,0.5745665368036806
10.620000000000001,-1.8175921994311088,0.5794437659949904
10.63,-1.811797761771159,0.5842713814862305
10.64,-1.8059550479562967,0.5890527155233094
10.65,-1.8000645208010635,0.5937909941436543
10.66,-1.794126610859627,0.5984893418307862
10.67,-1.7881417174413192,0.6031507860121339
10.68,-1.7821102095811978,0.6077782614041412
10.69,-1.7760324269671564,0.6123746142088218
10.700000000000001,-1.7699086808250681,0.6169426061659978
10.71,-1.763739254763408,0.621484918465504
10.72,-1.7575244055787531,0.6260041555236717
10.73,-1.7512643640235164,0.6305028486284132
10.74,-1.7449593355372321,0.6349834594572169
10.75,-1.7386095009426599,0.6394483834723417
10.76,-1.7322150171079365,0.6438999531974581
10.77,-1.7257760175759618,0.6483404413799371
10.78,-1.7192926131621624,0.6527720640429256
10.790000000000001,-1.7127648925217331,0.6571969834312821
10.8,-1.7061929226874204,0.661617310855368
10.81,-1.6995767495788667,0.6660351094366139
10.82,-1.6929163984845006,0.6704523967586882
10.83,-1.6862118745169137,0.6748711474280106
10.84,-1.6794631630426335,0.6792932955472579
10.85,-1.672670230087161,0.6837207371054127
10.86,-1.665833022716107,0.6881553322878102
10.870000000000001,-1.6589514693932288,0.6925989077095397
10.88,-1.6520254803161334,0.697053258575455
10.89,-1.6450549477303789,0.7015201507699528
10.9,-1.6380397462226792,0.7060013228795735
10.91,-1.6309797329938835,0.7104984881513834
10.92,-1.6238747481123696,0.7150133363899954
10.93,-1.6167246147484697,0.7195475357959902
10.94,-1.6095291393905098,0.7241027347483996
10.950000000000001,-1.602288112043026,0.7286805635338208
10.96,-1.5950013064076878,0.7332826360246338
10.97,-1.5876684800474414,0.7379105513087011
10.98,-1.5802893745343545,0.742565895272838
10.99,-1.572863715581626,0.7472502421422503
11,-1.5653912131602035,0.7519651559780464
11.01,-1.557871561600423,0.7567121921348444
11.02,-1.5503044396790746,0.7614928986804089
11.03,-1.5426895106922704,0.766308817779164
11.040000000000001,-1.5350264225144787,0.7711614870413492
11.05,-1.5273148076440652,0.776052440839499
11.06,-1.5195542832356703,0.7809832115938472
11.07,-1.5117444511197318,0.7859553310281762
11.08,-1.5038848978094501,0.7909703313975492
11.09,-1.4959751944954747,0.7960297466892894
11.1,-1.4880148970285818,0.8011351137984841
11.11,-1.480003545890597,0.8062879736792218
11.120000000000001,-1.4719406661538046,0.8114898724726841
11.13,-1.4638257674290778,0.8167423626131438
11.14,-1.4556583438029462,0.8220470039128357
11.15,-1.4474378737638178,0.8274053646265929
11.16,-1.4391638201175518,0.8328190224970607
11.17,-1.4308356298925813,0.838289565781219
11.18,-1.422452734234769,0.8438185942588645
11.19,-1.4140145482921804,0.8494077202236225
11.200000000000001,-1.4055204710899443,0.8550585694569721
11.21,-1.3969698853953745,0.8607727821856851
11.22,-1.3883621575735177,0.8665520140229895
11.23,-1.3796966374332877,0.87239793689368
11.24,-1.3709726580643509,0.878312239943303
11.25,-1.3621895356649178,0.8842966304314507
11.26,-1.3533465693606033,0.8903528346090954
11.27,-1.3444430410145123,0.8964825985797965
11.28,-1.3354782150287143,0.9026876891445014
11.290000000000001,-1.3264513381372693,0.9089698946295527
11.3,-1.3173616391909737,0.9153310256973959
11.31,-1.3082083289339999,0.9217729161393584
11.32,-1.2989905997726063,0.9282974236497461
11.33,-1.2897076255361088,0.9349064305803638
11.34,-1.2803585612303052,0.9416018446744301
11.35,-1.270942542783561,0.9483855997787036
11.36,-1.261458686785774,0.9552596565324832
11.370000000000001,-1.251906090220449,0.9622260030319782
11.38,-1.2422838301901293,0.9692866554683698
11.39,-1.2325909636354457,0.9764436587377002
11.4,-1.2228265270480687,0.9836990870205309
11.41,-1.2129895361778633,0.9910550443291036
11.42,-1.2030789857345723,0.9985136650195208
11.43,-1.193093849084377,1.006077114266227
11.44,-1.1830330779417146,1.013747588495833
11.450000000000001,-1.1728956020567562,1.021527315777057
11.46,-1.1626803288989858,1.0294185561632898
11.47,-1.1523861433373528,1.0374236019839906
11.48,-1.1420119073175128,1.04554477808082
11.49,-1.1315564595367047,1.0537844419840785
11.5,-1.121018615116864,1.0621449840246826
11.51,-1.1103971652766171,1.0706288273765336
11.52,-1.0996908770028517,1.079238428023751
11.53,-1.0888984927226142,1.0879762746468267
11.540000000000001,-1.078018729976146,1.0968448884213216
11.55,-1.0670502810919327,1.1058468227222638
11.56,-1.05599181286471,1.1149846627269213
11.57,-1.0448419662374409,1.1242610249081033
11.58,-1.0335993559883598,1.1336785564096028
11.59,-1.0222625704242638,1.1432399342948163
11.6,-1.0108301710813157,1.1529478646589715
11.61,-0.999300692434726,1.1628050815947506
11.620000000000001,-0.9876726416187784,1.1728143460004297
11.63,-0.9759444981587742,1.1829784442189406
11.64,-0.9641147137165847,1.1933001864955182
11.65,-0.9521817118516296,1.2037824052408144
11.66,-0.9401438877992214,1.2144279530855382
11.67,-0.927999608268366,1.2252397007118194
11.68,-0.9157472112612478,1.2362205344455945
11.69,-0.9033850059167918,1.2473733535933702
11.700000000000001,-0.8909112723808581,1.258701067505738
11.71,-0.8783242617058007,1.2702065923489883
11.72,-0.8656221957823108,1.281892847565108
11.73,-0.8528032673066598,1.293762751999337
11.74,-0.8398656397866664,1.305819219673316
11.75,-0.8268074475899332,1.3180651551806677
11.76,-0.8136267960381265,1.3305034486806386
11.77,-0.8003217615513201,1.343136970464163
11.78,-0.7868903918466784,1.3559685650654267
11.790000000000001,-0.7733307061960242,1.3690010448906937
11.8,-0.7596406957471172,1.3822371833348088
11.81,-0.7458183239137691,1.395679707354441
11.82,-0.7318615268402248,1.4093312894657544
11.83,-0.7177682139455672,1.4231945391328225
11.84,-0.703536268554239,1.4372719935117289
11.85,-0.6891635486191218,1.4515661075139479
11.86,-0.6746478875439823,1.466079243151265
11.870000000000001,-0.6599870951124697,1.4808136581232187
11.88,-0.6451789585312375,1.4957714936068098
11.89,-0.6302212435951694,1.510954761207077
11.9,-0.6151116959830987,1.5263653290260752
11.91,-0.5998480426928379,1.5420049068068542
11.92,-0.5844279936247694,1.557875030108241
11.93,-0.568849243323687,1.5739770434656053
11.94,-0.553109472889031,1.590312082492369
11.950000000000001,-0.5372063520641073,1.606881054876843
11.96,-0.5211375415153389,1.623684620229077
11.97,-0.504900695313048,1.6407231687328327
11.98,-0.4884934636257197,1.6579967985585886
11.99,-0.47191349564013385,1.6755052919946951
12,-0.4551584427201869,1.693248090255508
12.01,-0.43822596181763185,1.7112242669275552
12.02,-0.42111371914835627,1.7294325000176445
12.030000000000001,-0.4038193941481798,1.7478710425703408
12.040000000000001,-0.3863406837224764,1.7665376918265228
12.05,-0.3686753068042111,1.7854297568998443
12.06,-0.3508210092352127,1.8045440249539662
12.07,-0.33277556898567306,1.8238767258704802
12.08,-0.31453680172696824,1.8434234954056117
12.09,-0.29610256677291213,1.8631793368431586
12.1,-0.27747077340448056,1.883138581161817
12.11,-0.25863938759286237,1.903294845747138
12.120000000000001,-0.23960643913539098,1.9236409916919843
12.13,-0.22037002921847113,1.94416907974461
12.14,-0.20092833842102503,1.96487032498045
12.15,-0.18127963517122053,1.98573505029252
12.16,-0.16142228466829533,2.006752638816043
12.17,-0.1413547582801349,2.027911485425641
12.18,-0.12107564342587851,2.049198947468223
12.19,-0.10058365395119628,2.070601294921614
12.200000000000001,-0.07987764100198014,2.0921036601980525
12.21,-0.05895660439999961,2.1136899878429083
12.22,-0.03781970452157053,2.1353429844123735
12.23,-0.016466274677446796,2.157044068849334
12.24,0.005104166011046546,2.1787733237141027
12.25,0.026891899248187575,2.2005094476659806
12.26,0.048896993724847376,2.2222297096325705
12.27,0.07111929082117308,2.2439099051460674
12.280000000000001,0.09355838987263375,2.2655243153691282
12.290000000000001,0.11621363302632504,2.287045669376918
12.3,0.13908408972009423,2.308445110306075
12.31,0.162168540823155,2.3296921660250614
12.32,0.1854654624834056,2.3507547250229734
12.33,0.20897300973363533,2.3715990182546056
12.34,0.2326889999161814,2.392189607717548
12.35,0.25661089599335685,2.412489382571322
12.36,0.28073578981907005,2.432459563637975
12.370000000000001,0.3050603854554498,2.45205971714696
12.38,0.32958098262691937,2.4712477786032556
12.39,0.35429346041295195,2.4899800876651788
12.4,0.37919326128960373,2.508211434915756
12.41,0.4042753756387613,2.525895121397437
12.42,0.4295343268527357,2.542983031752795
12.43,0.4549641571702636,2.55942572177223
12.44,0.4805584143879859,2.575172521092119
12.450000000000001,0.5063101395989071,2.590171651711972
12.46,0.5322118561160268,2.604370362905781
12.47,0.5582555597450847,2.617715082989805
12.48,0.5844327105749827,2.630151588275793
12.49,0.6107342264577407,2.6416251893845737
12.5,0.6371504783515864,2.6520809349199577
12.51,0.663671287700786,2.66146383230732
12.52,0.6902859260238592,2.66971908538583
12.530000000000001,0.7169831168777175,2.676792348109486
12.540000000000001,0.7437510403588125,2.682629993461765
12.55,0.7705773402934301,2.687179396424485
12.56,0.7974491342576749,2.6903892295665446
12.57,0.8243530265533404,2.6922097695365466
12.58,0.8512751242487059,2.69259321245942
12.59,0.8782010563733,2.691493995956257
12.6,0.9051159963328627,2.6888691252343997
12.61,0.9320046875852066,2.6846785004375313
12.620000000000001,0.9588514725895819,2.6788852422097764
12.63,0.9856403250116796,2.671456012220287
12.64,1.0123548851338826,2.6623613252223945
12.65,1.0389784983861066,2.6515758490907277
12.66,1.0654942568770138,2.63907868919712
12.67,1.091885043768985,2.6248536534573224
12.68,1.1181335803035584,2.60888949441047
12.69,1.144222475247663,2.591180124785738
12.700000000000001,1.1701342764955205,2.571724803168385
12.71,1.1958515245272043,2.550528286601515
12.72,1.2213568073932195,2.527600947250087
12.73,1.2466328168657204,2.5029588506077975
12.74,1.2716624053717984,2.476623793141632
12.75,1.2964286433032148,2.4486232977374613
12.76,1.3209148762805893,2.4189905658257307
12.77,1.3451047819388466,2.387764385620098
12.780000000000001,1.3689824257950476,2.354988996483536
12.790000000000001,1.392532315759883,2.320713910034445
12.8,1.4157394548602276,2.284993689207421
12.81,1.4385893917523018,2.247887687076762
12.82,1.4610682686230694,2.2094597478226077
12.83,1.4831628661012954,2.169777872757251
12.84,1.504860644828868,2.12891385482071
12.85,1.526149783377075,2.086942885389196
12.86,1.547019212230967,2.0439431376082866
12.870000000000001,1.56745864360705,1.999995330756577
12.88,1.5874585969146158,1.9551822803595869
12.89,1.6070104197182116,1.9095884389040259
12.9,1.6261063041072519,1.863299432047636
12.91,1.6447392984277283,1.8164015951804684
12.92,1.6629033143795329,1.7689815150724228
12.93,1.6805931295302572,1.7211255811440194
12.94,1.6978043853416973,1.6729195506292924
12.950000000000001,1.7145335808479902,1.6244481315695278
12.96,1.7307780621636855,1.5757945871936483
12.97,1.746536008035622,1.5270403648156197
12.98,1.7618064116837782,1.478264751922053
12.99,1.7765890592029987,1.4295445616451692
13,1.7908845048194504,1.380953849328264
13.01,1.804694043312733,1.3325636614031506
13.02,1.8180196799267645,1.284441817321378
13.030000000000001,1.8308640980999782,1.2366527248220927
13.040000000000001,1.8432306253481991,1.1892572283868106
13.05,1.8551231976320672,1.1423124903315178
13.06,1.8665463225353824,1.0958719036245126
13.07,1.8775050415716277,1.049985035198037
13.08,1.888004891923608,1.0046975982455064
13.09,1.8980518679060632,0.9600514517653094
13.1,1.9076523824237164,0.9160846254268329
13.11,1.9168132286779846,0.8728313676936781
13.120000000000001,1.9255415423549214,0.8303222150411922
13.13,1.9338447645053334,0.7885840800479288
13.14,1.9417306053058128,0.7476403561203574
13.15,1.9492070088670164,0.7075110366235228
13.16,1.9562821192332516,0.6682128462335645
13.17,1.9629642476955873,0.6297593823970332
13.18,1.9692618415195577,0.5921612648727267
13.19,1.9751834541682851,0.5554262914403192
13.200000000000001,1.9807377170826883,0.519559597982515
13.21,1.9859333130625134,0.48456382128018594
13.22,1.9907789512753153,0.4504392629995818
13.23,1.9952833439053113,0.41718405349418286
13.24,1.999455184440253,0.3847943141883565
13.25,2.0033031275821367,0.3532643174533283
13.26,2.00683577075667,0.3225866430260368
13.27,2.0100616371869306,0.2927523301565351
13.280000000000001,2.012989160488496,0.263751024798365
13.290000000000001,2.01562667073648,0.23557112127770521
13.3,2.017982381949257,0.20819989799031277
13.31,2.0200643809291603,0.18162364677980425
13.32,2.0218806173969583,0.1558277957463743
13.33,2.0234388953544222,0.13079702532150791
13.34,2.0247468656076375,0.10651537752167899
13.35,2.025812019382854,0.0829663583626365
13.36,2.0266416829664804,0.06013303347597647
13.370000000000001,2.02724301330124,0.03799811702167837
13.38,2.0276229944714568,0.016544054034618977
13.39,2.027788435011803,-0.0042469036197258225
13.4,2.027745965975606,-0.024392627474575098
13.41,2.0275020397008605,-0.04391104864574663
13.42,2.027062929214403,-0.0628200997206882
13.43,2.0264347282171964,-0.08113766208897903
13.44,2.0256233515963067,-0.0988815184408527
13.450000000000001,2.0246345364118983,-0.11606931015436713
13.46,2.0234738433103545,-0.13271849928930146
13.47,2.0221466583174617,-0.1488463349062315
13.48,2.0206581949683993,-0.16446982343210104
13.49,2.019013496734078,-0.17960570279857185
13.5,2.0172174397060925,-0.19427042008614354
13.51,2.015274735505231,-0.20848011241515954
13.52,2.0131899343810797,-0.22225059083406778
13.530000000000001,2.010967428472739,-0.2355973269654233
13.540000000000001,2.0086114552030847,-0.24853544218087667
13.55,2.006126100781276,-0.26107969908758516
13.56,2.0035153037904,-0.27324449511993865
13.57,2.0007828588392007,-0.2850438580420605
13.58,1.99793242025878,-0.2964914431780951
13.59,1.994967505826999,-0.3076005321987233
13.6,1.991891500505012,-0.31838403330356424
13.61,1.9887076601719764,-0.32885448265005457
13.620000000000001,1.9854191153454759,-0.3390240468899855
13.63,1.982028874876576,-0.3489045266850801
13.64,1.9785398296097252,-0.3585073610827725
13.65,1.9749547559988974,-0.3678436326426823
13.66,1.9712763196724705,-0.37692407321314964
13.67,1.967507078940339,-0.3857590702655931
13.68,1.9636494882376831,-0.39435867370238076
13.69,1.9597059015006593,-0.4027326030613568
13.700000000000001,1.9556785754700456,-0.4108902550471571
13.71,1.9515696729195742,-0.4188407113259835
13.72,1.9473812658063143,-0.4265927465265999
13.73,1.9431153383410482,-0.43415483639598307
13.74,1.9387737899770885,-0.44153516606331994
13.75,1.9343584383164554,-0.4487416383709103
13.76,1.9298710219327462,-0.4557818822350302
13.77,1.9253132031103959,-0.46266326100395205
13.780000000000001,1.9206865705003564,-0.46939288078412494
13.790000000000001,1.9159926416925153,-0.47597759870901113
13.8,1.9112328657054252,-0.48242403112827226
13.81,1.9064086253941424,-0.48873856169791696
13.82,1.9015212397771633,-0.4949273493546837
13.83,1.8965719662836165,-0.5009963361603511
13.84,1.891562002922013,-0.5069512550038641
13.85,1.8864924903719744,-0.51279763715115
13.86,1.881364514000463,-0.5185408196342934
13.870000000000001,1.87617910580412,-0.5241859524733546
13.88,1.8709372462793865,-0.5297380057255681
13.89,1.8656398662221307,-0.5352017763579577
13.9,1.8602878484585512,-0.5405818949405679
13.91,1.8548820295091455,-0.5458828321585419
13.92,1.84942320118756,-0.5511089051422006
13.93,1.843912112136138,-0.5562642836150787
13.94,1.838349469299987,-0.5613529958605986
13.950000000000001,1.8327359393413811,-0.5663789345086784
13.96,1.8270721499962943,-0.5713458621441212
13.97,1.8213586913748532,-0.5762574167391035
13.98,1.8155961172074622,-0.5811171169124834
13.99,1.8097849460383373,-0.5859283670189998
14,1.8039256623681472,-0.5906944620717224
14.01,1.79801871774743,-0.5954185925013574
14.02,1.7920645318224164,-0.6001038487562136
14.030000000000001,1.7860634933348543,-0.6047532257467939
14.040000000000001,1.7800159610773862,-0.6093696271391055
14.05,1.7739222648059951,-0.613955869500873
14.06,1.7677827061109863,-0.6185146863049101
14.07,1.7615975592479372,-0.6230487317939458
14.08,1.7553670719299976,-0.6275605847112219
14.09,1.7490914660828853,-0.6320527519011826
14.1,1.7427709385638734,-0.6365276717845598
14.11,1.7364056618460277,-0.6409877177121296
14.120000000000001,1.7299957846689065,-0.6454352012013735
14.13,1.7235414326568927,-0.6498723750602241
14.14,1.7170427089062905,-0.6543014364020121
14.15,1.7104996945422704,-0.6587245295556642
14.16,1.7039124492467137,-0.6631437488751186
14.17,1.6972810117579624,-0.6675611414518486
14.18,1.6906054003434439,-0.6719787097342915
14.19,1.6838856132461009,-0.6763984140578934
14.200000000000001,1.677121629105522,-0.6808221750893829
14.21,1.6703134073546282,-0.6852518761887946
14.22,1.6634608885927402,-0.689689365692659
14.23,1.6565639949358135,-0.6941364591216849
14.24,1.6496226303445967,-0.6985949413161519
14.25,1.6426366809314352,-0.703066568502138
14.26,1.6356060152464138,-0.7075530702916033
14.27,1.6285304845434978,-0.7120561516192528
14.280000000000001,1.6214099230273054,-0.7165774946190039
14.290000000000001,1.6142441480811154,-0.7211187604427834
14.3,1.6070329604766875,-0.7256815910242868
14.31,1.5997761445664447,-0.7302676107902312
14.32,1.5924734684585424,-0.7348784283215457
14.33,1.585124684175327,-0.7395156379668443
14.34,1.5777295277956587,-0.7441808214104377
14.35,1.5702877195815543,-0.748875549197052
14.36,1.5627989640895839,-0.7536013822153286
14.370000000000001,1.5552629502674307,-0.7583598731420977
14.38,1.5476793515360097,-0.763152567849329
14.39,1.5400478258575163,-0.7679810067755785
14.4,1.5323680157897606,-0.7728467262636673
14.41,1.5246395485271238,-0.7777512598662485
14.42,1.5168620359284612,-0.7826961396208305
14.43,1.509035074532253,-0.7876828972957532
14.44,1.5011582455592953,-0.7927130656085267
14.450000000000001,1.49323111490321,-0.7977881794178664
14.46,1.4852532331090313,-0.8029097768906809
14.47,1.4772241353401245,-0.808079400645188
14.48,1.4691433413336727,-0.8132985988712584
14.49,1.4610103553449603,-0.8185689264290077
14.5,1.4528246660806703,-0.8238919459265793
14.51,1.4445857466214045,-0.8292692287779818
14.52,1.4362930543336248,-0.8347023562417655
14.530000000000001,1.427946030771207,-0.840192920441242
14.540000000000001,1.4195441015667947,-0.8457425253668704
14.55,1.411086676313126,-0.8513527878613484
14.56,1.4025731484345125,-0.8570253385878662
14.57,1.3940028950486338,-0.8627618229818912
14.58,1.385375276818815,-0.868563902186764
14.59,1.3766896377969473,-0.8744332539732971
14.6,1.3679453052572144,-0.8803715736434702
14.61,1.3591415895207797,-0.8863805749182228
14.620000000000001,1.3502777837715974,-0.8924619908092408
14.63,1.341353163863505,-0.898617574474532
14.64,1.3323669881187596,-0.9048491000574744
14.65,1.3233184971181848,-0.9111583635089098
14.66,1.3142069134830958,-0.9175471833917344
14.67,1.3050314416491784,-0.9240174016673155
14.68,1.2957912676325052,-0.9305708844629325
14.69,1.2864855587878758,-0.9372095228193023
14.700000000000001,1.2771134635596828,-0.9439352334171079
14.71,1.2676741112255117,-0.9507499592812951
14.72,1.2581666116326986,-0.9576556704617416
14.73,1.2485900549280813,-0.9646543646887376
14.74,1.238943511281194,-0.9717480680015349
14.75,1.2292260306011786,-0.9789388353480355
14.76,1.2194366422476983,-0.9862287511534895
14.77,1.2095743547361635,-0.9936199298558644
14.780000000000001,1.1996381554376048,-1.0011145164053212
14.790000000000001,1.1896270102735516,-1.008714686724998
14.8,1.1795398634063017,-1.016422648130052
14.81,1.1693756369250012,-1.0242406397016446
14.82,1.159133230527985,-1.0321709326122726
14.83,1.1488115212018621,-1.040215830398554
14.84,1.1384093628978766,-1.0483776691772555
14.85,1.1279255862061042,-1.0566588178000211
14.86,1.117358998028104,-1.0650616779419022
14.870000000000001,1.106708381248685,-1.0735886841184161
14.88,1.0959724944075009,-1.0822423036254645
14.89,1.0851500713712463,-1.0910250363960188
14.9,1.074239821007286,-1.099939414767039
14.91,1.0632404268596156,-1.1089880031496193
14.92,1.0521505468281194,-1.118173397594858
14.93,1.0409688128521708,-1.1274982252474204
14.94,1.0296938305996965,-1.136965143678215
14.950000000000001,1.0183241791629143,-1.1465768400870102
14.96,1.0068584107620442,-1.1563360303652042
14.97,0.9952950504583922,-1.1662454580083124
14.98,0.9836325958783091,-1.1763078928670463
14.99,0.9718695169496386,-1.186526129725139
15,0.9600042556523872,-1.1969029866913161
15.01,0.9480352257854741,-1.2074413033920106
15.02,0.935960812751554,-1.2181439389505913
15.030000000000001,0.9237793733620481,-1.2290137697379937
15.040000000000001,0.9114892356646681,-1.2400536868787324
15.05,0.8990886987958808,-1.2512665934953153
15.06,0.8865760328609277,-1.2626554016730829
15.07,0.8739494788441968,-1.2742230291264596
15.08,0.8612072485529322,-1.2859723955465219
15.09,0.848347524597467,-1.297906418608667
15.1,0.8353684604113804,-1.3100280096180115
15.11,0.8222681803152002,-1.3223400687689408
15.120000000000001,0.8090447796275108,-1.3348454799940088
15.13,0.7956963248275707,-1.3475471053761048
15.14,0.7822208537738097,-1.3604477790965177
15.15,0.7686163759828445,-1.3735503008901935
15.16,0.7548808729739426,-1.3868574289781375
15.17,0.7410122986841612,-1.4003718724455496
15.18,0.7270085799597057,-1.414096283032907
15.19,0.7128676171293766,-1.4280332463058332
15.200000000000001,0.6985872846663183,-1.4421852721682302
15.21,0.684165431944636,-1.4565547846818
15.22,0.669599884097818,-1.4711441111537715
15.23,0.6548884429862802,-1.4859554704533773
15.24,0.6400288882817464,-1.5009909605164224
15.25,0.6250189786765822,-1.5162525449961657
15.26,0.6098564532266205,-1.5317420390177072
15.27,0.5945390328364435,-1.5474610939921936
15.280000000000001,0.5790644218965215,-1.5634111814464022
15.290000000000001,0.5634303100820575,-1.5795935758227178
15.3,0.5476343743238303,-1.5960093362041694
15.31,0.5316742809617886,-1.6126592869191156
15.32,0.5155476880925974,-1.6295439969803693
15.33,0.49925224812279373,-1.6466637583141028
15.34,0.4827856105396527,-1.6640185627348123
15.35,0.46614542491230454,-1.6816080776239908
15.36,0.4493293441360646,-1.699431620272044
15.370000000000001,0.43233502793334416,-1.7174881308454162
15.38,0.41516014662489,-1.7357761439439707
15.39,0.3978023851854503,-1.754293758717443
15.4,0.3802594475982759,-1.773038607514342
15.41,0.36252906152313247,-1.7920078230421075
15.42,0.3446089832927114,-1.811198004023702
15.43,0.3264970032524744,-1.830605179343253
15.44,0.30819095145904185,-1.8502247706819253
15.450000000000001,0.2896887037522226,-1.8700515536550215
15.46,0.2709881882156724,-1.8900796174724745
15.47,0.25208739204094766,-1.9103023231575045
15.48,0.23298436880937262,-1.9307122603723912
15.49,0.2136772462056487,-1.951301202916142
15.5,0.1941642341764873,-1.9720600629764333
15.51,0.17444363354672296,-1.9929788442376573
15.52,0.15451384510434638,-2.0140465939683128
15.530000000000001,0.13437337916466324,-2.0352513542344046
15.540000000000001,0.1140208656223192,-2.0565801124110368
15.55,0.09345506449820883,-2.078018751192049
15.56,0.07267487698628833,-2.0995519983273607
15.57,0.05167935700301472,-2.121163376349678
15.58,0.03046772323951794,-2.142835152586329
15.59,0.009039371713654647,-2.164548289788161
15.6,-0.012606111184226963,-2.1862823977455554
15.610000000000001,-0.03446893516168252,-2.2080156863015024
15.620000000000001,-0.056549092024697545,-2.2297249202131253
15.63,-0.07884634122682879,-2.2513853763557736
15.64,-0.10136019499038654,-2.272970803807431
15.65,-0.12408990302846085,-2.2944533873952957
15.66,-0.1470344369024138,-2.3158037153304636
15.67,-0.17019247405571844,-2.336990751600062
15.68,-0.19356238157171907,-2.3579818138282254
15.69,-0.21714219971000132,-2.3787425573571954
15.700000000000001,-0.24092962528357326,-2.3992369663366158
15.71,-0.2649219949469394,-2.4194273526417973
15.72,-0.28911626847335736,-2.439274363469199
15.73,-0.3135090121080494,-2.4587369984784115
15.74,-0.3380963820928335,-2.477772637363241
15.75,-0.3628741084664659,-2.4963370787386556
15.76,-0.3878374792538525,-2.5143845912239824
15.77,-0.4129813251660923,-2.531867977584308
15.780000000000001,-0.4383000049419354,-2.5487386527600617
15.790000000000001,-0.463787391469536,-2.5649467365677836
15.8,-0.4894368588352139,-2.580441161791671
15.81,-0.5152412704531306,-2.5951697983043602
15.82,-0.5411929684361743,-2.6090795937553644
15.83,-0.5672837643737279,-2.622116731245721
15.84,-0.593504931686185,-2.6342268042669805
15.85,-0.6198471997288548,-2.645355009021389
15.860000000000001,-0.6463007498190687,-2.6554463540579376
15.870000000000001,-0.672855213359648,-2.6644458869564267
15.88,-0.6994996722292123,-2.6722989375697357
15.89,-0.7262226616049097,-2.6789513770947244
15.9,-0.753012175375857,-2.684349891986729
15.91,-0.7798556742957242,-2.688442271464292
15.92,-0.8067400970103672,-2.691177707073047
15.93,-0.8336518740810976,-2.6925071024946843
15.94,-0.8605769451060445,-2.692383391503472
15.950000000000001,-0.8875007790210793,-2.69076186169422
15.96,-0.9144083976380215,-2.6876004813378405
15.97,-0.9412844024513999,-2.6828602264700434
15.98,-0.9681130047161003,-2.676505405091942
15.99,-0.9948780587670197,-2.6685039751651805
16,-1.0215630985186714,-2.6588278529254676
16.01,-1.048151377047926,-2.6474532079236526
16.02,-1.0746259091271626,-2.634360741138864
16.03,-1.1009695165385514,-2.6195359424992097
16.04,-1.1271648759635435,-2.6029693241966942
16.05,-1.1531945692055106,-2.5846566262978268
16.06,-1.1790411354684889,-2.564598991332012
16.07,-1.204687125381809,-2.542803104786918
16.080000000000002,-1.2301151564296782,-2.5192812987525914
16.09,-1.255307969417204,-2.4940516163314936
16.1,-1.280248485580519,-2.467137834865293
16.11,-1.304919863929172,-2.438569446515037
16.12,-1.3293055583943223,-2.4083815952612415
16.13,-1.3533893743469347,-2.376614969955099
16.14,-1.3771555240464857,-2.3433156536406687
16.15,-1.4005886805828924,-2.3085349299687703
16.16,-1.42367402988258,-2.272329048123863
16.17,-1.4463973203638187,-2.234758948272616
16.18,-1.4687449098465448,-2.195889950104278
16.19,-1.4907038093475875,-2.155791407555988
16.2,-1.5122617234231475,-2.1145363332891667
16.21,-1.5334070867560392,-2.0722009968957664
16.22,-1.5541290967249968,-2.0288645011564475
16.23,-1.5744177417365612,-1.9846083409396644
16.240000000000002,-1.594263825145958,-1.9395159495160441
16.25,-1.6136589846411185,-1.893672237163383
16.26,-1.6325957070127524,-1.8471631269533404
16.27,-1.6510673382822858,-1.8000750925429032
16.28,-1.6690680892077148,-1.7524947026454856
16.29,-1.6865930362341697,-1.7045081766335834
16.3,-1.7036381180005056,-1.6562009554343846
16.31,-1.7202001275548495,-1.6076572915302383
16.32,-1.7362767004701518,-1.558959861477094
16.330000000000002,-1.7518662990849228,-1.510189403916382
16.34,-1.7669681931240866,-1.4614243855901783
16.35,-1.7815824369799884,-1.4127406973868346
16.36,-1.7957098439538568,-1.3642113819551953
16.37,-1.8093519577734087,-1.3159063939402744
16.38,-1.8225110217128115,-1.2678923934211264
16.39,-1.8351899456470229,-1.2202325726810062
16.4,-1.8473922713738329,-1.1729865160179709
16.41,-1.8591221365340127,-1.1262100919167874
16.42,-1.8703842374531805,-1.079955376555032
16.43,-1.8811837912187308,-1.03427060731092
16.44,-1.89152649729184,-0.9892001646797746
16.45,-1.9014184989386378,-0.9447845807909656
16.46,-1.9108663447465475,-0.9010605725474002
16.47,-1.9198769504720214,-0.858061097284002
16.48,-1.9284575614448616,-0.8158154287580228
16.490000000000002,-1.9366157157324417,-0.7743492512397538
16.5,-1.9443592082448393,-0.7336847694639617
16.51,-1.951696055939479,-0.693840832226506
16.52,-1.958634464261744,-0.6548330674631807
16.53,-1.9651827949363758,-0.6166740267248204
16.54,-1.971349535203624,-0.5793733370600874
16.55,-1.977143268574225,-0.5429378584311302
16.56,-1.9825726471585363,-0.5073718449137111
16.57,-1.9876463656076735,-0.4726771080688807
16.580000000000002,-1.9923731366883624,-0.43885318101456133
16.59,-1.996761668498508,-0.40589748186956004
16.6,-2.0008206433172036,-0.3738054753869445
16.61,-2.004558698071073,-0.34257083173613834
16.62,-2.007984406388434,-0.31218558153161097
16.63,-2.01110626220375,-0.2826402663390808
16.64,-2.013932664867141,-0.25392408401646677
16.65,-2.0164719057073057,-0.22602502836545518
16.66,-2.01873215599096,-0.19893002267981008
16.67,-2.0207214562177582,-0.17262504687800775
16.68,-2.0224477066865383,-0.14709525800018644
16.69,-2.02391865926654,-0.12232510393273092
16.7,-2.0251419103058677,-0.09829843029816965
16.71,-2.0261248946088495,-0.07499858051368993
16.72,-2.0268748804139864,-0.0524084890788208
16.73,-2.0273989653047746,-0.030510768202116952
16.740000000000002,-2.0277040729867957,-0.009287787918486345
16.75,-2.0277969508659806,0.011278250116338137
16.76,-2.027684168364817,0.031205244939225253
16.77,-2.027372115915425,0.050511134463396695
16.78,-2.026867004570791,0.06921383927759545
16.79,-2.0261748661780152,0.08733121179316254
16.8,-2.0253015540600834,0.10488099046311469
16.81,-2.024252744155452,0.12188075879261097
16.82,-2.023033936567526,0.13834790885870904
16.830000000000002,-2.021650457478939,0.15429960905859133
16.84,-2.020107461388353,0.16975277580907502
16.85,-2.0184099336302626,0.18472404892582664
16.86,-2.016562693141004,0.19922977041793383
16.87,-2.0145703954368246,0.21328596644203368
16.88,-2.0124375357724045,0.22690833216977557
16.89,-2.010168452450707,0.24011221933276056
16.9,-2.007767330257379,0.2529126262200276
16.91,-2.005238203995179,0.265324189914459
16.92,-2.002584962096034,0.27736118056598824
16.93,-1.9998113502903743,0.28903749751106733
16.94,-1.9969209753152637,0.30036666705937337
16.95,-1.99391730864467,0.31136184178009824
16.96,-1.990803690226869,0.32203580113129154
16.97,-1.9875833322155563,0.3324009532865481
16.98,-1.9842593226826908,0.3424693380237896
16.990000000000002,-1.9808346293024528,0.35225263055095063
17,-1.9773121029969434,0.36176214615300595
17.01,-1.9736944815354134,0.37100884555394975
17.02,-1.969984393079874,0.3800033408960464
17.03,-1.9661843596709134,0.38875590224690787
17.04,-1.9622968006484443,0.3972764645527141
17.05,-1.958324036002917,0.40557463496318746
17.06,-1.9542682896532853,0.41365970046076206
17.07,-1.9501316926486776,0.42154063573277223
17.080000000000002,-1.94591628629135,0.4292261112314295
17.09,-1.9416240251790355,0.43672450137188285
17.1,-1.9372567801653167,0.44404389282377815
17.11,-1.932816341237079,0.4511920928564713
17.12,-1.9283044203085142,0.4581766377024186
17.13,-1.92372265393149,0.46500480090729307
17.14,-1.919072605922417,0.471683601639071
17.150000000000002,-1.9143557699060263,0.47821981293172255
17.16,-1.909573571776709,0.48461996984223693
17.17,-1.9047273720782867,0.4908903775025434
17.18,-1.8998184683032613,0.4970371190504627
17.19,-1.8948480971127566,0.5030660634261652
17.2,-1.889817436478495,0.5089828730227317
17.21,-1.8847276077482678,0.5147930111813327
17.22,-1.8795796776364544,0.5205017495232734
17.23,-1.8743746601412217,0.5261141751127072
17.240000000000002,-1.8691135183900947,0.5316351974452199
17.25,-1.8637971664156425,0.5370695552587396
17.26,-1.8584264708630551,0.5424218231643393
17.27,-1.8530022526314118,0.5476964180954976
17.28,-1.847525288450457,0.552897605575257
17.29,-1.8419963123947043,0.5580295058014996
17.3,-1.8364160173366892,0.5630960995512408
17.31,-1.830785056341177,0.5681012339054391
17.32,-1.8251040440021224,0.5730486277963361
17.330000000000002,-1.819373557724159,0.577941877379794
17.34,-1.8135941389503611,0.5827844612354772
17.35,-1.8077662943380064,0.5875797453980554
17.36,-1.801890496884026,0.5923309882228766
17.37,-1.7959671870017972,0.5970413450897907
17.38,-1.7899967735508993,0.6017138729489864
17.39,-1.7839796348214094,0.606351534712855
17.400000000000002,-1.777916119474281,0.6109572034980083
17.41,-1.7718065474393008,0.6155336667216648
17.42,-1.765651210772084,0.6200836300566732
17.43,-1.7594503744715173,0.6246097212494813
17.44,-1.7532042772590224,0.6291144938053694
17.45,-1.7469131323209688,0.6336004305452642
17.46,-1.7405771280155162,0.6380699470384301
17.47,-1.734196428545132,0.6425253949152996
17.48,-1.727771174595979,0.6469690650646578
17.490000000000002,-1.7213014839453324,0.6514031907193422
17.5,-1.714787452038139,0.6558299504345505
17.51,-1.7082291525337934,0.6602514709627786
17.52,-1.7016266378241656,0.6646698300293298
17.53,-1.6949799395238723,0.6690870590122541
17.54,-1.6882890689337497,0.6735051455304846
17.55,-1.681554017478445,0.6779260359438496
17.56,-1.6747747571190064,0.68235163776854
17.57,-1.667951240741321,0.686783822011518
17.580000000000002,-1.6610834025212058,0.6912244254272529
17.59,-1.6541711582669332,0.6956752527000717
17.6,-1.6472144057399325,0.7001380785553108
17.61,-1.6402130249543794,0.704614649802358
17.62,-1.6331668784563558,0.7091066873125705
17.63,-1.6260758115832301,0.7136158879349609
17.64,-1.6189396527038804,0.718143926352438
17.650000000000002,-1.611758213440356,0.7226924568812996
17.66,-1.604531288871543,0.7272631152165712
17.67,-1.5972586577193773,0.7318575201256944
17.68,-1.5899400825181202,0.7364772750929717
17.69,-1.5825753097671906,0.7411239699170853
17.7,-1.5751640700680198,0.7457991822639125
17.71,-1.5677060782453807,0.7505044791767753
17.72,-1.560201033453613,0.7552414185461689
17.73,-1.5526486192681512,0.7600115505409312
17.740000000000002,-1.545048503762742,0.764816419002727
17.75,-1.5374003395727147,0.7696575628056381
17.76,-1.5297037639446582,0.7745365171825659
17.77,-1.5219583987728327,0.7794548150200733
17.78,-1.514163850622632,0.7844139881232096
17.79,-1.5063197107414,0.7894155684517832
17.8,-1.4984255550568821,0.7944610893294669
17.81,-1.4904809441635876,0.7995520866270431
17.82,-1.482485423297317,0.8046900999210157
17.830000000000002,-1.474438522298107,0.8098766736287392
17.84,-1.4663397555618196,0.8151133581211368
17.85,-1.4581886219806082,0.8204017108140017
17.86,-1.449984604872468,0.8257432972387957
17.87,-1.4417271719000802,0.8311396920937832
17.88,-1.4334157749791423,0.8365924802762564
17.89,-1.4250498501763798,0.8421032578965277
17.900000000000002,-1.4166288175974144,0.8476736332742847
17.91,-1.4081520812646715,0.8533052279178177
17.92,-1.3996190289854933,0.8589996774865474
17.93,-1.3910290322106278,0.8647586327371892
17.94,-1.382381445883256,0.8705837604538074
17.95,-1.3736756082787178,0.8764767443619127
17.96,-1.3649108408350987,0.8824392860266703
17.97,-1.356086447974832,0.8884731057351793
17.98,-1.3472017169174801,0.8945799433626883
17.990000000000002,-1.3382559174838533,0.9007615592225023
18,-1.3292483018916283,0.9070197348992294
18.01,-1.320178104542636,0.913356274064895
18.02,-1.311044541801987,0.9197730032773372
18.03,-1.3018468117692135,0.9262717727601663
18.04,-1.2925840940416118,0.9328544571634378
18.05,-1.2832555494699773,0.9395229563040565
18.06,-1.2738603199069367,0.9462791958847708
18.07,-1.264397527948089,0.9531251281904745
18.080000000000002,-1.2548662766661842,0.9600627327603595
18.09,-1.2452656493385805,0.9670940170342996
18.1,-1.2355947091682375,0.9742210169716577
18.11,-1.225852498998521,0.9814457976405198
18.12,-1.2160380410221157,0.9887704537751553
18.13,-1.2061503364843642,0.9961971102992886
18.14,-1.1961883653813714,1.0037279228125378
18.150000000000002,-1.186151086153246,1.0113650780371368
18.16,-1.1760374353728746,1.0191107942218014
18.17,-1.1658463274306565,1.0269673214993278
18.18,-1.1555766542156634,1.0349369421942287
18.19,-1.145227284793721,1.0430219710764042
18.2,-1.134797065082957,1.0512247555565246
18.21,-1.1242848175273918,1.0595476758184643
18.22,-1.1136893407692072,1.0679931448837572
18.23,-1.1030094093203697,1.0765636086026695
18.240000000000002,-1.092243773234343,1.0852615455660763
18.25,-1.0813911577786823,1.0940894669318997
18.26,-1.0704502631093633,1.103049916159414
18.27,-1.0594197639477692,1.1121454686442442
18.28,-1.0482983092613267,1.1213787312463745
18.29,-1.037084521948863,1.130752341702952
18.3,-1.0257769985318335,1.1402689679171
18.31,-1.0143743088526624,1.1499313071133657
18.32,-1.0028749957815288,1.1597420848497877
18.330000000000002,-0.9912775749330309,1.1697040538759205
18.34,-0.9795805343942717,1.1798199928254391
18.35,-0.9677823344660174,1.1900927047312266
18.36,-0.9558814074187051,1.200525015350069
18.37,-0.9438761572652044,1.211119771283275
18.38,-0.9317649595523716,1.2218798378786893
18.39,-0.9195461611735847,1.2328080968986797
18.400000000000002,-0.9072180802045979,1.2439074439377509
18.41,-0.8947790057652204,1.255180785572465
18.42,-0.8822271979094958,1.2666310362253375
18.43,-0.8695608875472424,1.2782611147233283
18.44,-0.856778276400009,1.2900739405304495
18.45,-0.8438775369947046,1.3020724296328792
18.46,-0.8308568126983757,1.3142594900537952
18.47,-0.8177142177978378,1.3266380169739367
18.48,-0.8044478376280985,1.3392108874326487
18.490000000000002,-0.791055728753772,1.351980954582888
18.5,-0.7775359192079431,1.3649510414723613
18.51,-0.7638864087932195,1.378123934321631
18.52,-0.7501051694500032,1.3915023752686675
18.53,-0.7361901456973164,1.405089054547967
18.54,-0.7221392551518367,1.418886602070968
18.55,-0.7079503891311271,1.4328975783731386
18.56,-0.6936214133473957,1.447124464891739
18.57,-0.6791501686984783,1.46156965353693
18.580000000000002,-0.664534472163109,1.4762354355175964
18.59,-0.6497721178079331,1.4911239893820092
18.6,-0.634860877914113,1.506237368232268
18.61,-0.6197985042317904,1.521577486070379
18.62,-0.6045827293710866,1.5371461032328406
18.63,-0.5892112683387581,1.5529448108697703
18.64,-0.5736818202300604,1.568975014423923
18.650000000000002,-0.5579920700858212,1.5852379160644676
18.66,-0.5421396909251766,1.6017344960301336
18.67,-0.5261223459648752,1.618465492836347
18.68,-0.5099376910365117,1.6354313823012998
18.69,-0.49358337721349865,1.6526323553465678
18.7,-0.477057053660033,1.6700682945289798
18.71,-0.46035637071474317,1.6877387492619753
18.72,-0.4434789832221234,1.7056429096867622
18.73,-0.4264225541252558,1.723779579156227
18.740000000000002,-0.40918475833369355,1.7421471452978623
18.75,-0.39176328688071493,1.7607435496260135
18.76,-0.3741558513844548,1.7795662556785918
18.77,-0.35636018882766884,1.798612215659151
18.78,-0.33837406667107733,1.8178778355719534
18.79,-0.3201952883153578,1.8373589388454612
18.8,-0.3018216989269032,1.8570507284486844
18.81,-0.28325119164241636,1.8769477475150773
18.82,-0.26448171416726557,1.8970438385003379
18.830000000000002,-0.2455112757822622,1.9173321009135955
18.84,-0.22633795477312624,1.9378048476762166
18.85,-0.20695990629636407,1.9584535601788802
18.86,-0.18737537069457527,1.9792688421258078
18.87,-0.16758268227331719,2.0002403722751514
18.88,-0.14758027855056566,2.0213568562066353
18.89,-0.1273667099884993,2.042605977271694
18.900000000000002,-0.10694065021578236,2.0639743469076057
18.91,-0.0863009067467063,2.0854474545255255
18.92,-0.06544643220145105,2.107009617212886
18.93,-0.044376336029322186,2.1286439295233714
18.94,-0.023089896734088473,2.150332213662494
18.95,-0.0015865745974635304,2.1720549704136642
18.96,0.020133975106673113,2.1937913311883963
18.97,0.04207188841855708,2.215519011624747
18.98,0.06422707853480455,2.2372142672000144
18.990000000000002,0.0865992212068047,2.2588518513667974
19,0.10918773972047267,2.2804049767653765
19.01,0.13199178948812643,2.3018452801095273
19.02,0.1550102422892217,2.3231427913868092
19.03,0.17824167020308979,2.344265908057386
19.04,0.20168432928366364,2.3651813749768476
19.05,0.22533614303343213,2.3858542708074135
19.06,0.24919468574150627,2.4062480017174157
19.07,0.2732571657586804,2.426324303199962
19.080000000000002,0.29752040879068004,2.4460432508670973
19.09,0.321980841299351,2.465363281094284
19.1,0.34663447411029386,2.4842412224003456
19.11,0.3714768863342973,2.5026323384487044
19.12,0.3965032097187844,2.5204903835453614
19.13,0.421708113554238,2.537767671486144
19.14,0.44708579026909945,2.5544151585687342
19.150000000000002,0.4726299418547868,2.570382541532505
19.16,0.49833376727011186,2.5856183711197973
19.17,0.5241899509813098,2.6000701818647265
19.18,0.550190652799957,2.613684638608814
19.19,0.5763274991860452,2.626407700115836
19.2,0.6025915761872036,2.638184800010681
19.21,0.6289734241873104,2.648961045098477
19.22,0.6554630346382951,2.658681430930962
19.23,0.6820498489476048,2.667291074277705
19.240000000000002,0.7087227596903818,2.6747354619314554
19.25,0.7354701143096963,2.6809607150314485
19.26,0.7622797214600108,2.6859138678282246
19.27,0.789138860138293,2.689543159541537
19.28,0.8160342917337085,2.691798337682871
19.29,0.8429522751105372,2.6926309709303804
19.3,0.8698785848198409,2.6919947693616333
19.31,0.8967985325134573,2.689845909574029
19.32,0.9236969916091976,2.6861433619601978
19.330000000000002,0.9505584252287996,2.680849217162546
19.34,0.9773669174004251,2.673929008514153
19.35,1.0041062074855667,2.665352027089226
19.36,1.0307597277564589,2.6550916258420605
19.37,1.0573106440148794,2.64312550921537
19.38,1.0837418991070331,2.6294360045528355
19.39,1.1100362591525614,2.614010311662055
19.400000000000002,1.136176362269182,2.596840726946864
19.41,1.1621447695386506,2.577924838665395
19.42,1.1879240179253046,2.5572656900738284
19.43,1.2134966748260427,2.5348719074857
19.44,1.2388453939008996,2.510757790611307
19.45,1.2639529718070128,2.484943362937885
19.46,1.2888024054363916,2.457454380363683
19.47,1.3133769492400285,2.4283222968010696
19.48,1.3376601722080392,2.3975841860068647
19.490000000000002,1.3616360140681079,2.3652826194723175
19.5,1.385288840262831,2.3314655007993945
19.51,1.4086034952708248,2.2961858575922474
19.52,1.4315653538467472,2.259501592490208
19.53,1.4541603697716492,2.2214751955485323
19.54,1.4763751217271346,2.182173420722626
19.55,1.4981968559343608,2.1416669297185082
19.56,1.519613525231546,2.1000299069255024
19.57,1.540613824300801,2.0573396495367624
19.580000000000002,1.5611872207961686,2.0136761372808443
19.59,1.581323982168977,1.9691215864267637
19.6,1.6010151980332448,1.923759992881425
19.61,1.6202527979620591,1.877676669269793
19.62,1.639029564654757,1.8309577808747237
19.63,1.6573391424635042,1.7836898852171634
19.64,1.6751760413156758,1.7359594798826794
19.650000000000002,1.6925356361145025,1.687852562953116
19.66,1.7094141617440337,1.6394542100902403
19.67,1.7258087038449361,1.5908481719505758
19.68,1.7417171855644418,1.5421164951971993
19.69,1.7571383505164138,1.4933391699257308
19.7,1.772071742215671,1.444593805849004
19.71,1.7865176802741611,1.3959553390988433
19.72,1.8004772336651496,1.3474957710145241
19.73,1.8139521913752947,1.2992839398057585
19.740000000000002,1.8269450307733524,1.2513853255124465
19.75,1.839458884028477,1.2038618882419592
19.76,1.8514975029108964,1.1567719392541331
19.77,1.8630652223034379,1.1101700440899966
19.78,1.8741669227443378,1.064106956606677
19.79,1.8848079923104046,1.018629582490874
19.8,1.8949942881353135,0.973780970578348
19.81,1.9047320978410969,0.9296003301075343
19.82,1.9140281011421723,0.886123071881062
19.830000000000002,1.9228893318609828,0.8433808711981096
19.84,1.9313231405729638,0.8014017503508578
19.85,1.9393371580764724,0.7602101784468637
19.86,1.9469392598609412,0.7198271863225527
19.87,1.9541375317241667,0.6802704943474379
19.88,1.9609402366676412,0.6415546509801516
19.89,1.9673557831774426,0.6036911800218713
19.900000000000002,1.9733926949776615,0.5666887346161976
19.91,1.9790595823238235,0.5305532561631018
19.92,1.9843651148854544,0.4952881364444866
19.93,1.9893179962498992,0.46089438139674416
19.94,1.9939269400638666,0.4273707751082874
19.95,1.9982006478149494,0.3947140427645547
19.96,2.002147788242595,0.36291901140694993
19.97,2.0057769783566646,0.33197876751345345
19.98,2.0090967660317993,0.30188481054542726
19.990000000000002,2.0121156141372536,0.27262720173598387
20,2.0148418861546133,0.24419470751904407
